@styleheroine,0
@yoyokulala,-0.30553660508
@giizeleoliveira,-2.00756119155
@indiaroseco,0
@alealimay,0.140995267517
@thefashionguitar,-14.2189260172
@helenabordon,-1.19155819578
@tk_wonder,-1.51607047444
@eaemileeanne,0
@frassyaudrey,-0.489440824638
@dressingoutsidethebox,-3.43867939911
@karenbritchick,-17.0267274741
@kaitlinkkeegan,-0.889948206812
@songofstyle,-3.45596876768
@juliahengel,-7.01176747576
@sincerelyjules,-0.391585744964
@chiaraferragni,-2.27999194059
@peaceloveshea,-0.487563847356
@happilygrey,0
@emilyschuman,0
@wendyslookbook,0.245960311166
@zanitazanita,-1.11192037581
@oliviapalermo,-0.294644571949
@vivaluxuryblog,-2.74126225678
@hellofashionblog,-2.02946623304
@kattanita,-4.57775465575
@damselindior,-0.446341412379
@walkinwonderland,-0.147254504847
@xandervintage,-0.142347855305
@somethingnavy,-0.476268007304
@amberfillerup,-0.0192132189605
@negin_mirsalehi,0.251389578546
@camilacoutinho,-1.46269154207
@garypeppergirl,-0.221686297864
@whitneybearr,0.143766677241
@the_salty_blonde,-1.2582760363
@bittersweetcolours,-3.29933380396
@littlemissfearlessblog,-4.00143014351
@truelane,-2.23754520435
@kbousq,0
@lekkerensimpel,-8.3968708036
@ngoldenberg,-0.0924636928388
@kendalljenner,0
@anna_dello_russo,-3.34873428413
@hamishbowles,-4.63390890963
@thelsd,-0.495487909108
@gigihadid,-1.32840506138
@carineroitfeld,0
@marthaward,-4.53200397728
@privategg,-2.31337473531
@zannarassi,-1.24384127537
@whowhatwear,-1.79712008037
@iamnaomicampbell,-4.62166392998
@chungalexa,0
@evachen212,0
@mirandakerr,-0.190895326774
@derekblasberg,0
@veronikaheilbrunner,-5.02475235651
@tommyton,-0.349777499449
@telegraphfashion,-2.49390797504
@maid_marriott,0
@michellemquinn,1.95585216911
@cosmopolitan,-0.97306298362
@marieclaireuk,-0.168761695798
@instagram,0
@blamefashion,-2.40741866643
@freddieharrel,-1.10364616113
@lucywilliams02,-0.198859703887
@thefrugality,-0.822530751378
@ulimali,-0.468050462138
@trineswardrobe,-0.639800595199
@yara_michels,-0.52766971003
@anoukyve,-1.01918012303
@thriftsandthreads,-0.549477620566
@accordingtoblaire,-0.333652792555
@loveandloathingla,-1.63976648041
@caviarandcashmere,0
@helloitsroxie,-2.69385405193
@kaitlynn_carter,-0.430279724515
@glamobserver,-4.56379752958
@soheatherblog,-0.644920651461
@raspberrynrouge,0
@nausheenshah,-4.6181214364
@gabifresh,0
@nicolettemason,0.278940133554
@brightonkeller,1.15013341793
@leblogdebetty,-0.787643839332
@rumineely,0
@alicezielasko,-0.347196631156
@alixcherry,-3.02912233589
@lusttforlife,-0.487563847356
@songofstyle,-3.45596876768
@_frommetoyou,0
@fashionistable,-14.5632063868
@sjpcollection,0.817043404699
@garancedore,-0.227551005924
@bettyautier,-0.315417487864
@louisepando,0
@daphnemodeandthecity,-3.61963262265
@eppcoline,-0.706690864542
@tokyobanhbao,-0.254250353346
@rozalia.com.au,0.197292954525
@brooklynblonde1,-0.103966892636
@bulgakovalife,-0.485631884334
@audreyleighton,0
@marianodivaio,-0.0259757053152
@oliworlds,-2.99756510298
@oliviakijo,0
@thefashionaround,0
@matthewzorpas,-1.85387008245
@matthewzorpas,-1.85387008245
@theglobalgirl,-0.519323443715
@lorenzoliverani,0
@racheletnicole,0
@onedapperstreet,0
@luanna90,0
@littleblackboots,-0.647866646259
@lilfashionisto,-2.82264836905
@christophwho,0
@lauraallardfleischl,0
@chicityfashion,0
@kenzasmg,-1.16155944729
@zosuen,0
@zosuen,0
@neonrock,0
@myneonrock,0.141965509012
@gvozdishe,0
@gvozdishe,0
@dustin_kst,0
@danceinmycloset,-0.757798666849
@larisacostea,-16.6651981995
@myshowroomblog,-3.46445552197
@myshowroomblog,-3.46445552197
@feralcreature,0.0880834742624
@nanciemwai,-0.08581211219
@nanciemwai,-0.08581211219
@liamakrigeni,0.0497727494489
@itsnotthatdeep,-0.276998260869
@superwowomg,-25.7230941989
@superwowomg,-25.7230941989
@soniaeryka,-0.305929470576
@ellemayleckenby,-0.48184575239
@ellemayleckenby,-0.48184575239
@redreidinghood,0.384570721828
@redreidinghood,0.384570721828
@diariodeestilo,-2.42074329664
@physicalcanvas,0
@soincarmel,0
@karxlina,-1.35954660152
@luizagrinberg,0
@livpurvis,-0.00375306415171
@thefrugality,-0.822530751378
@wearetwinset,0
@inthefrow,-0.805471718815
@erica_davies,0
@monicabeatrice,0.0222161433058
@ismat,0
@kittehinfurs,-0.0924478475166
@cupcakesloveme,0
@teerwayde,-0.612326603274
@plumpbabydoll,0.0970833828522
@bbwgeneration,-3.50027787423
@girlwithcurves,-0.826519404311
@withwonderandwhimsy,-0.111327342993
@cleofernandes,0
@curvesandchaos,-3.90978932484
@emmajanekepley,0
@epiclylaterd,-0.107726565979
@theadventurehandbook,0
@ilanusglazer,0.354129263838
@evanrossell,0.127369076004
@the_modestmom,-0.0754598915073
@nanysklozet,-1.41357564969
@princepelayo,-0.0948945814772
@troprouge,-0.487563847356
@oh_anthonio,0.00650615623273
@clairegeist,0
@dapperlou,0
@eatsleepwear,-0.171275663717
@justinliv,-0.0796561058719
@honestlywtf,0
@apairandaspare,0
@tinaleung,-3.07231824869
@christingc,-0.192055555593
@popbee,-1.1006095848
@dressvoice_yourvoice,-10.2665337991
@sprezzatura_eleganza,0
@rimmelforrommel,0.257352697535
@giusyadriano,-1.9872141636
@nefnunofficial,-3.97194223058
@the.in.vogue,-1.19227318244
@changeos_,-53.363405956
@alyssajewellerydesign,-36.8652198987
@ugotmerocking,0
@flagship_boutique,0.132799259392
@fashiionpage,3.76191615987
@fh__0023,1.23736709538
@gallerycool_,1.86918064722
@jeffvanleeuwen_imaging,-5.78727169367
@cyntystephblogspot1,-1.11308115285
@jeranfj,0
@aylinstudiio,0
@mimitrend,-3.19661734348
@thisthingcalledfashionn,0.142576323695
@laviedepera,-1.23691214746
@manicure_planet,-2.89665401294
@_lxxkbxxk_,1.31967763777
@alekseenko.katya.01,-4.54471876738
@mz_lizzyy,0
@nadinchen_s,0
@lacaprichossa,-3.53472100822
@fashionsteams,0
@street_style_paris,0.218830656617
@juliahengel,-7.01176747576
@michalexcc,-1.3748591055
@brihold,-0.49081095476
@thefashionlotus,-1.43229303735
@hauteintexas,-0.214883626433
@stylelushtv,-4.4625679565
@spursjesus,-1.50234427151
@karatapangan,-1.39682402879
@desaesthetic,0
@purosanantonio,0
@sanantoniotidbits,0.0876502539339
@ryanhumphr,-4.79160087138
@spurscoyote,-1.703297876
@bexargoods,0.0448765478561
@april_ancira,-0.20466396571
@cruzortizart,-9.81690379753
@colt_wrangler,-1.07728657701
@chamoycitylimits,-1.93056846884
@puropinchesa,-5.57851630844
@onelovephotogsatx,-14.1017564991
@keepsareal,-0.711132010086
@urbansanantonio,-3.04109384736
@kattanita,-4.57775465575
@lonestarsouthern,-1.01688835211
@laurenconrad_com,-0.21495423862
@omq.its.bacon,-14.34106225
@bagsandmore.id,0
@mariannnan,0
@kyla.shay,0
@claudiaalende,0.135781742086
@jenselter,-0.307496436794
@howaidadesigns,0
@shop.style.snap,-7.10808644048
@so___whatt,0
@cornetmamabolo,0.0145683313577
@iilove.closet,0
@chamsko.pl,0
@ebadolrahman,0
@simplyabudhabi,-60.190823737
@giovane_gentile,-4.03884729737
@sacross,0.227689174026
@walterwanderleytv,0.0053245644485
@letshoppingwithme,-20.8613641831
@playpad_children,0
@kekepalmer,0
@chase,-0.927972180909
@julietangus,-9.22335393073
@onesmallblonde,-0.0817286894525
@fiftyshadesmovie,-2.13000101933
@michelletakeaim,-0.619380416343
@thestyleclubla,-0.975127694711
@beyonce,0
@cocoloco_girl,-2.58071731271
@__viva_la_moda__,-3.5027917123
@fashiondesfemmes,-0.783402356906
@riccardotisci17,-1.81614038342
@givenchyofficial,-8.33329832996
@wwd,-3.47163222919
@careergirldaily,0.380262402826
@char1es,-2.41714931932
@thebalibible,-8.18435106038
@hellyluv,-1.59519517047
@sarahcdrake,-3.52125148973
@hautehouseflower,0
@bloggerphotographer,-15.8029170873
@allisonpdavis,0
@iamsheglobal,-0.379661063268
@pankaj_j_barua,-12.3257855604
@moreovercoffee,-10.2431325407
@styleitwithtrix,-2.66890984946
@2snapsandatwirl,0
@jaredragland,-0.878409199597
@ninarobinsonnyc,-10.9321012213
@mattblack_blackmatt,0
@mattslaby,-1.53596731411
@neivy,-2.80285185625
@bythebrush,0
@meltjoeng,-0.749618221679
@camrindengel,-1.14927681779
@howdyluke,-0.663413632654
@nolabeings,0
@aabbyylou,-4.52426837129
@patricialaydorsey,0
@wideeyedlegless,-1.3085284736
@nothing_to_worry_about,0
@amivitale,0.208555245503
@brettbrooner,0
@johnnylace,0
@stellamariabaer,0
@robertwtobin,0
@waywardspark,-2.52423264338
@jesse_burke,-0.18660395532
@kendrickbrinson,-0.330640786495
@mattcrump,-0.0170136166741
@ryan_thayne,0
@taylortippett,-0.634167954959
@stacykranitz,0
@kevinmiyazaki,0
@mckinsey,0
@manofmanytastes,-0.153943002123
@morgansmith,0
@illhavethe,0
@elegant_attire,2.62095007887
@camera_man1973,-1.40311437326
@storyofyourday,-1.28697990513
@1firstimpressions,0.681423083373
@patilrad,-4.12514939833
@riddhima_kollare,-0.0758211174574
@smitashaofficial,-0.758553196102
@indianglamourboutique,-0.777845776577
@mishael_marcia,-0.091265765943
@mahirisareesuk,-1.54206871542
@hansvats,1.31146094666
@elegant_divas,1.32038926997
@mapasekamokwele,-3.7457762675
@top.promote,-46.9795442683
@nailkaterina,0
@hendriansyah76_official,0
@fergabimelloo,0
@leelem0n,0
@thekeyofstyle,0
@thesilksneaker,0.606442564692
@fidm,0.615354975905
@thatgirlbrig,0.12099939668
@nicolettareggio,0
@youngadventuress,0
@allmyfriendsaremodels,-1.15914375913
@makeupgeelong,2.70599318453
@klasse14,-3.54582018623
@olayau,0
@trulymds,0.827705837613
@babybwillbe,0
@storkotc,0.329509040133
