@fresherthanchris,0.000458835872747
@jakerosenberg,0.0169902779498
@beardsofcanberra,0
@rosielondoner,0.00866786300719
@girlwithcurves,0.0120486793675
@fruzans_beauty,0.0135325910384
@smfblog,0
@kevinruss,0.00977884380349
@itsafterfive,0.0349862742935
@ctbites,0.0460514422438
@curvygirlchic,0.0116874140874
@doctor_kwon,0
@awesomeamsterdam,0.0173560480465
@eatpraywearlove,0
@shopbop,0.0147858910656
@kcdworldwide,0.0312603811069
@harpersbazaarus,0.0123461277931
@christingc,0.015643182768
@kirkomade,0
@thelovelythingsblog,0.0133852973333
@thegirlfromfuss,-0.00217862648647
@pdy,0.00447838499445
@closcadesign,0.0263791374057
@denver.darling,0.0106320004582
@oraclefoxblog,0
@bertrandmak,0.028557078372
@emilyschuman,0.0122065942627
@neusalonzindia,0.034479249765
@nicolettareggio,0.0235410723621
@allthatisshe,0.00857067690803
@dapperlou,-0.0144606843081
@xandervintage,0.032474593498
@adenorah,0.0109053271872
@mirandakerr,0
@troprouge,0.0254537554734
@heystamford,0.0103383066364
@stefanogabbana,-0.00805097194795
@kookiebuhain,0.00729316850444
@playdatesandpearls,0
@streetetiquette,-0.0202292757037
@thedaileigh,0.00748774106759
@tdposh,0.0120169515568
@lexiconofstyle,0.0177050716702
@valentinehello,0
@styleheroine,-0.0107167837401
@kristinabazan,0.00842776324197
@fashionzine,-0.0122297120702
@joysewing,0.0214618491857
@carly,0.0162864864447
@astylishsideproject,0.00979494252886
@asiyamigold,0
@sandrajuto,0.0401356016872
@levis_uk,0.0152520000142
@style_by_salli,6.62910706159e-05
@waitingonmartha,0.0201194569011
@wefashiontrends,-0.0018156617459
@kylehocking,0.0333132166474
@cakeandconfetti,0.0189276093951
@jm,0
@fashion.selection,-0.00523694617894
@aideenfeely,0.0413375327303
@karachomistek,0.0219087893614
@pepamack,0.033008256827
@drewbarrymore,0.0216427370787
@just.fashion99,0.0751603301109
@tamagocat,0.0246316145587
@nikmode,0.0220481338859
@departmentofwandering,0.0134564418701
@martynamartyn,0.0223111654017
@chintlaw,0
@violetgrey,0.026018613086
@jn,0.0109382214795
@farahemara,0.0176262315008
@donatella_versace,0.00590044922329
@humansofamsterdam,0.0096601323479
@unelibanaiseaparis,0
@ashleyljames,0
@barneysny,0.0121933282394
@nicholaselmi,0.0207445685521
@brooklynblonde1,0.0102422951684
@jakesvisuals,0.0264397309208
@mduenasjacobs,0.0403734513192
@tosha_eason,0.00119972879688
@tkmaxx,0.0108641323547
@krystalschlegel,0.0296934141762
@aldonabb,0.0242154286032
@metrouk,0
@miamicom,0
@carineroitfeld,0.0207687243602
@eatsleepwear,0.0282973744248
@natashandlovu,0.0117957380633
@jscott24,0.0170277753778
@gigihadid,0.00297724701554
@grantfriedman,0.0314689600781
@jessicaalba,-0.00216772525841
@yasalamfashionblog,0.0306444429414
@rocket_science,0.0237159555124
@theblondmacron,0
@heliumcreative,0.0133719491068
@worldmcqueen,-0.0309601855805
@altarpdx,0.0170181551477
@bagsandbunnies,0.00747122103803
@kateymcfarlan,0.0217347330694
@dashing_darlin,0.0251803764655
@colerise,0.00865448986064
@vanityfair,0.00714601509415
@jessijaejoplin,0.00177824723268
@karwantahir,0
@sophie.seddon,0.00295959705432
@marquelleturner,0.00189060477663
@notyourstandard,-0.00203171987928
@manrepeller,0.0249897279235
@boohoo,0.0254429205474
@essentialsbya,0
@riverisland,0.0385705800429
@wanwan_lei,0
@stylecaster,0.0253333415786
@carolinaengman,0.0449571893879
@croyable,0.012974576801
@youngadventuress,0.0269440740768
@sazanhendrix,0.027508132254
@thenashvilleguide,0.00569955378175
@vydia,0.0360065904333
@ireneisgood,0.0424777273467
@rachelzoe,0.0137061404251
@joythestore,0.0158969752292
@ecowarriorprincess,0.00674919184984
@itstamyodell,0
@jenselter,0.0171399985332
@saralongsworth,0.0179395208881
@allred.katie,0.00832118296757
@apairandaspare,0.0258545174499
@soojmooj,0.03516854467
@missomalondon,0.0150140211076
@iamnaomicampbell,0.00874084282133
@iambeauticurve,0.00456116384174
@kateireneblue,0.014657602978
@browtifulbremen,0.017904291891
@yellowteapot,-0.00171762707177
@jprstyling,0.0383336774508
@reifhaus,0.0244578150791
@alexa_chung,0
@caroissa,0
@eleonoracarisi,0.0261547884668
@nike,0.00700221748635
@damselindior,0.0138958512429
@refinery29,0.00965668104827
@hijabhills,0.0305855442127
@cindycrawford,0.0127406837489
@saharfoad,0.0107687429288
@anna_flanagan,-0.00399652338336
@ashleynstyle,0.0245695588065
@chungalexa,0
@browneyedbaldie,0
@dinatokio,0.00648597859527
@dressingoutsidethebox,0.0276186007107
@michaelkors,0.0337841306008
@facesbykalahn,0.0202945781545
@cfda,0.00453606728759
@colleenrothschild,0.013222038786
@danaprigge,0
@starworksgroup,0.0111010222213
@ethicalfashion,0.0323768169385
@intothegloss,0.0198667019153
@cathkidston_ltd,0.0462193499841
@joeylondonstyle,0.031716049403
@gwynethpaltrow,0.0276368222552
@songofstyle,0.0204299619296
@luxuryshoeslover,0.148037378924
@nytimes,0.0183193928936
@leah.simmons,0
@ymorbeauty,-0.00376743717886
@al_bizzy,0.0228277670251
@parkncube,0.0341833167815
@jakerosenburg,0
@amsterdamlightfestival,0.0170594585339
@belledecouture,0.0183831883028
@calliereiff123,0
@_browsbyash,0.00996353312448
@angel_m_style,0
@giasaysthat,0.0136242172
@roywrench,0.0841654785377
@macenzo,0.0350290125087
@andyheart,0.0162621833817
@kaycaden,0.0143002019256
@mrbradgoreski,0
@fashiooworld,0.0553923288522
@uwa2000,0.010888430294
@cozyhome.msk,-0.00573903051076
@ladyflashback,0.0163937902114
@missjulee,0.0390389752175
@oscarprgirl,0
@abikiniaday,0.00960449024864
@nweakly,0
@rachelstrugatz,0
@ponysmakeup,0
@modelmayi,0.00936867827076
@everythingcurvyandchic,0.0140314350522
@hazeface,0.0265967518743
@cyberfashioninspiration,-0.0155400389871
@smallrocks,0.0325944253773
@katherine_ormerod,0.0206500523068
@melodiejeng,0.0147135912345
@natgeo,0.00655028678288
@stephanielee199,0.00965251063894
@gentlemen_class_,0.0224807846879
@fashionlady.ss,0.101303255192
@jackguinness,0.0188491301377
@coolcoolbeverage,0.0152086974531
@emily_luciano,0.0255459432492
@margaret__zhang,0.0320208100153
@frassyaudrey,0.0237912273564
@nathb,0.0115766604103
@jesscochranepaints,0
@teerwayde,0.0273193070443
@sergio_ines,0.0178783093272
@wmag,0.0116553123251
@kbstyled,0.0170540485448
@amazingfashioni,0.0307362356667
@liketoknow.it,0.0222258907746
@chrisellelim,0.0223684926289
@stylefriques,-0.0241136966048
@shellystuckman,0.029161291144
@patmcgrathreal,0.0162026961523
@happilygrey,0.00864391758361
@mrtimefreezer,0
@mikenouveau,0.0126188297636
@tinaleung,0.0123418419518
@gretaeagan,0.0313475309203
@catmeffan,0.00286618729215
@afroditeskitchen,0.024920596684
@killer_kurves,0
@couldihavethat,0.0054063036624
@heybiblee,0
@victoriabeckham,0.0375286080849
@thatslovelyblog,0.0148597118323
@tuulavintage,0.0124065586929
@athleisurely,0
@sincerelyjules,0.0432316880212
@menwithstreetstyle,0.0179051036074
@pinsykes,0
@classnfab,0.00307680178476
@juliahengel,0.0248594081324
@doughtystintl,0
@polabur,0.0058556806476
@ourwildabandon,0.0125347517259
@floyding,0.0588551316514
@brooketestoni,0.035614292666
@rachelrector,0.0183127236905
@natalieliao_,0
@dailyfashionista_dana,0.0207342221392
@instyle,0
@viewfrom5ft2,0.0165314827633
@thenativefox,0.0153300480571
@fashionininspo,0.053287584034
@meke_up,0.0257085541146
@ronmcquade,0.0381262258497
@ohmiloveit,0.0278508213196
@thelsd,0.00909233217401
@justfabonline,0.0394067583485
@journeywonders,0.0111143638834
@alexanderwangny,0.0343089487677
@hilaryduff,0.0136665752334
@instock_nl,0.0239774032966
@karlmond,0.00617379237459
@pobke,0.0254550921165
@sarahbelle93x,0.0215489886478
@vivalapinkposh,0.0267342190422
@katvondbeauty,0.0144829001837
@yoga_one,0
@lookingthroughhercloset,0.0289872993189
@laureenmuy,0.00154823429664
@unclescrooch,0.0465499503912
@maketodayahollyday,0.017910236098
@dallaswardrobe,0.0217180920684
@muradosmann,-0.00609995931561
@fashion.wicked,0.022077001717
@poppylissiman,0.0271350219952
@plus__j,0.012376044283
@theblondeabroad,0.02579798822
@biancamaycheah,0.0138786093884
@britneyspearsfragrances,0.0212707628384
@helenabordon,0.00543843986365
@daniaustin,0.0118584793727
@thefashionguitar,0.0310886387452
@beangoods,0.0150999545516
@amiparis,0.012704891094
@ctvisit,-0.016215347666
@theflawlessmommy,0.0312403399212
@discover,0.0134788707303
@smashleybell,0.0439956163738
@superwowomg,0.0360038447678
@interviewmag,0.0266917866787
@lifeofaladybear,0.0181192185044
@itsmeerikat,0.0225422186218
@101thingsilove,0.0101427748567
@jumiaegypt,0.0314227579081
@ojandcigs,0.0254467682503
@dtkaustin,0.0219345068914
@southernfatty,0.0204063463949
@marthaward,0.0341493784033
@coastalconnecticut,0.0017005196513
@byhilaryrose,0.014734957953
@jennadouros,0.0185945845597
@byrdiebeauty,0.0174231299705
@elinacasell,0.00305207416724
@jessika_hunter,0.0503744484249
@laylawearsmakeup,0.0226516123457
@glorianoto,0.0235430129227
@mariustorenga,0.04979192723
@modelinia,0.0210189102661
@stregisdoha,-0.00291023927915
@blondesandcookies,0.00145763096644
@elleuk,0.00500269019155
@thewerkplace,0
@thisisveda,-0.00645583405122
@garypeppergirl,0.02384470281
@tashsefton,0.00474559398662
@justfabonline.,0
@themerrymakersisters,0.0131461284187
@fhits,0.000571761138466
@freddieharrel,0.00617603141922
@themoptop,0.0168960064704
@jacobjkeller,0.0443019783267
@lepostcard,0.0307311232365
@hilaryalexander,0
@christenebarberich,0.0168466861117
@vickymanzhosov,0
@gorgeousingrey,0.0189674027488
@unhumanrights,0
@laurenatsaks,0.103275986946
@alealimay,0.00405034633843
@deborahlippmann,0.0357134776611
@fashionknitsta,0
@angelbespoke,0.0475794661568
@cadeandco,0.0178520894713
@fashionlookgirlss,0.0175446561172
@topshop,0.00931845170556
@bombaybubble,0
@veronicaferraro,0.0224304663105
@susiebubble,0.051346520928
@promoting_you_shoutouts,0
@livia_firth,0.0134771077176
@eviesimm,0.0443960432791
@landlopers,0.00155206954833
@meganrunionmcr,0.0366159153322
@kenzo,0.0132599085754
@thehautepursuit,0.0314899148982
@derekblasberg,0.0271084701953
@humansofny,0.00479411820538
@lindaberlin,0.0102372499315
@mariotestino,0.0198470156401
@stylemesustainable,0.0201475863342
@kaitlynbristowe,0.0224363859823
@cestchristine,0.0226812330091
@daphnemodeandthecity,0.0167722315237
@craftic_,0.0156109690263
@drunkonshoes,0.0121732673146
@hellofrankieblog,0
@therealgreenwichgirl,0
@vanellimelli,0.0299912606213
@stylecusp,0.0201011866024
@michaelamcvoy,0.0203118310637
@confettiandco,0.0131662930165
@proenzaschouler,0.0258519353338
@stylegoalzs,-0.0229452579933
@adriancabrero,0.0549750472048
@bettyautier,0.0168770774656
@charming___fashion,0.0217734618886
@thevagabondish,0.0307829405338
@fareedzakaria,0
@johanneshuebl,0.0291039763705
@thetinycloset,0.0193020210319
@sartorialpanda,0.0154458271184
@allyzacek,0.003480578466
@cbay_musiz,0.0266911109989
@tk_wonder,0.00538155032569
@danpiraino,0.0086826813033
@jasonchew_,0.0280669318282
@topgrain,0
@heatherstaible,0
@alexcentomo,0.00263153386832
@myboringcloset,0.0180754360153
@myspacetom,0.00681180577702
@deepicamutyala,0
@nicolerichie,0.00700697393342
@fredrdgz,0
@tsbmen,0
@lauries_blog,0.00800261057527
@cupcakesloveme,0.0390976707168
@stephaniezwicky,0.012997169218
@yallamelo,0.0213218719916
@_simonett,0
@bagsnob,0.0334106121222
@kendalljenner,0.0258821630552
@valjermayne,0.0154196688838
@styledotcom,0.00689078377007
@savvysavanah,0
@mrseang18,0.0689227268316
@nativeinnashville,0.0116619306772
@moristeele,0.000707762501579
@bryanboy,0
@getthegloss,0.0314976408682
@curtisanewkirk,0.028831802068
@vnikali,0.0168343752964
@mararoszak,0.0136529721908
@aniab,0.0187537935627
@gypsealust,0.0404026450315
@stevecalder,0.0283084423655
@blaireadiebee,0.0127248791054
@merrittbeck,0.0233371189332
@adelinejessica,0.0277128365532
@sunkissedstephblog,0.0337875183688
@xonecole,0.0145322235083
@farhfromordinary,0.00722651790786
@zannarassi,0.0314317019028
@iconaccidental,0.0157468486294
@sephora,0.019756566944
@mikesolomonov,0.0189637750294
@joie_clothing,0
@susancernek,0.0601874850995
@cocorocha,0.0235792760647
@mariedenee,0.023231553773
@lenaperminova,0.0165948331351
@ysl,0.0319792805341
@kristiedash,0.0248741583614
@wwd,0.0244205339068
@kristinaxmakeup,0.0162081060678
@siddharthajoshi,-0.0071381647303
@btherad,0.00839624596412
@kayaanlovebug,0
@theplanetd,0.0176252366412
@sunglassesshop,0.077246935035
@meredithmelling,0.0210835978548
@preppy_girls,0.00948906109927
@britishvogue,0.00873281825934
@sonya_miro,0.0418843207547
@sophiachabbott,0.0285708685532
@aniklacasse,0.0184584823109
@rayban,0.0252502705852
@blkdnm,0.0191413304153
@connecticutgram,0.011301472358
@marcjacobs,0.00901986263968
@mckennatrahan,0.0453814334546
@hannelim,0.011653300544
@2summers,0.0435678598183
@chathamhouse,0
@yara_michels,0.0291410034266
@beautygoalzx,0.0391405224373
@mulbada,0
@hellofashionblog,0.0190119004231
@mrporterlive,0.01153250314
@foodandlycra,0.0193420867437
@galmeetsglam,0
@justinliv,0.0340978988067
@styleandpepper,0.0288219415501
@nonationality07,0.0279633317061
@garancedore,0.0106961144947
@tommyhilfiger,0.0135841567315
@dressupwithjess,0.0283493461501
@303_fashion,0.0183294949322
@rarebirdrevival,0.0243284128254
@stylepantry,0.0435340474349
@gabigregg,0
@raniadabagh,0
@luxuryfashionandtravel,-0.0119484771597
@missstylefiesta,0.00720627596258
@telegraphfashion,0.0130809413394
@jbrandjeans,0.0381787553969
@asos_us,0.0393495143381
@fashiongrandpas,0.0379188448805
@khloekardashian,0.0199244948131
@tashoakley,0.00171572677043
@christinazapolski,0.0382528629866
@sustainabilityinstyle,-0.00308753890312
@mackenziehoran,0.0130086432937
@romy_thebunnies,0
@wallahamar,0
@mrpfashion,0.0127987570658
@fullerfigurefullerbust,0.0437114864776
@twomacks,0.0184940896887
@doughtystpublic,0
@bellwether_dario,0.0116438279889
@pause_online,0.0144294907814
@sustainabledaisy,0.0312792316435
@hamishbowles,0.0199381718691
@theblondesalad,0.0372984709514
@devinbrugman,0.0161595521172
@bergdorfs,0.0332974743933
@machusonline,0.0085045684385
@thriftsandthreads,0.0156054302238
@carolinestfrancis,0.00957778451721
@bbwgeneration,0.0175269083989
@amommyinthecity,0
@royonthestreet,0.0322412930851
@frankmutjens,0
@karliekloss,0.0147489906414
@caitlin_mcb,0.0305626301113
@i_d,0.00896405825174
@shopdandy,0.0172165415911
@_yanyanchan,0.0255414323066
@fashionbeanscom,0.0337275784975
@kateleemakeup,0.0174468769213
@sydneyfashionblogger,0.0390692472726
@privategg,0.0228873503282
@mrscasual,0.0144947025392
@vanouelicious,0
@fourteenjay,0.0228190384236
@themilleraffect,0.00667978841983
@worldthreads,0.00627482295605
@astylishsideprj,0
@cosstores,-0.00703282318406
@instagram,0.0239253770498
@jessredden1,0.0293071472277
@nadiaaboulhosn,0.0260433550046
@mellerobot,0.017953696082
@sethcarnill,0.0173119236706
@arabelleakinfe,0
@shewearsfashion,0.0315173013454
@wendyslookbook,0.0549282709321
@cndworld,0.0235383503429
@ovaxposed,0.00645416357018
@hijabfashion,-0.0239891869462
@iamindiaross,0.0167894497933
@chiaraferragni,0.0354400304036
@alixcherry,0.0405021200891
@officialrodarte,0
@dalalid,0.0174455594155
@karolynprg,0.00982666993476
@mariafranciska,0.0128940394244
@style,-0.00654313310471
@aaprovost,0
@adelinerapon,0.0243700054495
@9to5chic,0.000668127065499
@dvf,0.0348510767616
@lonestarsouthern,0.00917422385888
@karenakatrina,0.0172102605979
@nylonmag,0.00443551841353
@laura_bodyzone,0.00937414576371
@sparklingfootsteps,0
@stilinberlin,0.0359937738469
@farhfromord,0
@cleofernandes,0.00276139149837
@downtownftl,0.0106842683797
@paridust,0.0136719177323
@fashionedchicstyling,0.0189959655318
@jessicabiel,0.0424134489827
@zanitazanita,0.0216019197783
@marantisabel,0
@independentstyle,0.0184386550688
@lucywilliams02,0.0261017882935
@cheyzmeister,0.0170400336887
@acnestudios,-0.0125976347904
@francescocarrozzini,0.0397758346721
@weworewhat,0.0136828075668
@ecofashiontalk,0.0179349341483
@patriciaprieto,0.0110589777805
@maevdkrogt,0
@ubicouture,0
@samanthaneira,0.0254209599391
@houseofharper,0.0221338661497
@kenzasmg,0.0249780019879
@nately,-0.00390412093753
@nainaco,0
@stylebyada,0
@abrokegirlsblog,0.0269228108623
@shoedazzle,0.0319133348722
@modaprints,0.0197874162344
@dentellefleurs,0.0242661482432
@becky_malinsky,0.0171677255561
@cath_belle,0.00315820295465
@sylviemus_,0.0286083272401
@rcote_lilindianpapoose_,0
@amilli0naire,0.0118364593213
@si_sichen,0.0191476188261
@remymichelghougassian,0
@marksandspencer,0.0349023023932
@popsugar,0.0279063040564
@melzy917,0.013700763406
@designowstudio,0.0195181462322
@walkinwonderland,0.0118461950419
@diesel,0.0203149084644
@trendsandblendsgh,0.016013172867
@chictalkch,0.00819425451127
@caitsplate,0.0409851123081
@haideralabadi,0
@sherryshroff,0.0224299790433
@luanna90,0
@kryzzzie,0.00139799412928
@realvintagevirgin,0.0157625776062
@princepelayo,0.0280161777291
@facehunter,0.0590539213983
@nytstyles,0
@conscious_living93,0.0370293568554
@fashiongoalsz,-0.00695148065321
@mensweardog,0.0317978714934
@ioegreer,-0.00768747273228
@thedarlingdetail,0
@cheekyvintage,0.00860245421249
@caroline_stf,0
@eunbi.eb,0.0625871103988
@danielrhone,0.00705312717866
@yayafashionland,0.0589183269357
@netherleighblog,0
@blakevond,0.00786361579561
@curvenvy,0.00579801476235
@fosterhunting,0.0334876142298
@berlinstagram,0.0154245696715
@riccardotisci17,0.0202814689163
@kyleneverywear,0.0180857940232
@airecentre,0
@timeoutnewyork,0.00800883076276
@iamgalla,0.0149509836681
@andicsinger,0.0248698091501
@themrsgibby,0.0267238980966
@marjorie_harvey,0.0240205914695
@reallysl,0
@shopburu,0.0196248158272
@sfennema,0.00603988626481
@bijouluna,0.0127104540722
@matthewzorpas,0.0091524426605
@sukhimann_,0.0255818951437
@jislainduval,0.0252686993698
@cathyhoryn,0.070491116947
@michelletakeaim,0.0196096355609
@clairegeist,0.0188960168969
@elainewelteroth,0.00840411457845
@screativestudios,0
@caroline_joy,0.00850262125381
@4thandbleeker,0.033782312175
@ootdgoalzs,0
@captaineco_fr,0
@pharrell,0.0222145078465
@c_kimber,0
@__pierce,0
@ootdgals,0.0664381390288
@harpersbazaarsg,0.0144747886915
@nycole_sariol,0.0304483707331
@lindagauntco,0.0106932159912
@kattanita,0.0236548970344
@poppydelevingne,0.0340937782766
@jaesukkim,0.0188178199884
@emmakennyillustrations,0.0154284708763
@thebohochild,0
@saks,0.0264376551881
@aubreymccoy,0.0160396731516
@accordingtoblaire,0.0309480100455
@natybaby,0
@greengal,0.0799110653069
@nobudoha,0.00514514482072
@topstylez,-0.00701206399411
@lovelypepa,0.0304845141173
@eaemileeanne,0.0351093249586
@lyndseyzorich,0.0292229451132
@micahgianneli,0.0414130354714
@missslionhunter,0
@leaf_greener,0.0225042202634
@kegrand,0.019566461088
@rachel_goodwin,0
@trysmallthings,0.0209097846019
@dnelson4630,0.0366344279655
@vicopuentes,0
@minimalistbaker,0.0507727444423
@marthaeelman,0.014134686133
@missalissa,0.0212018729815
@thewanderlister,0.020639117611
@_craftic_,0
@wendynguyen,0.0502417682689
@thisisashrose,0.0111340304394
@sartoriomerta,0.0239644278047
@kinksarepink,0
@thecut,0.0348102830685
@popsugarfashion,0.00767767754299
@calvincopeling,0.0554239031384
@platinumandpenniless,0
@kaitlinkkeegan,0.012235886084
@fashiowncom,0.0283124151002
@mrrutherford9,0
@newengland_photography,4.78919497402e-05
@emmawlker,0.0214273955767
@akanksharedhu,0.0360556120753
@_tommyton,0
@scentbird,0.0271304946477
@girlandvanity,0.0154182279013
@nashvillewifestyles,0.0224054990498
@katanafatale,0.0267656599508
@illgander,-0.00738555309129
@cmcoving,0.0220641004229
@terrydonovan1987,0.0400678508889
@styleismything,0.0281483129288
@devotedlyyours,0.000914932779886
@giampaolo_alliata,0.0165348627881
@kellywearstler,0.0345247085007
@fashion_daily_uae,0.0215058687842
@travelwritedraw,0.0157325804197
@atrendypeace,0.0150290981727
@katierob20,0
@caradelevingne,0.0153200288117
@negin_mirsalehi,0.0386878996144
@gabifresh,0.026935901108
@thegirlhasparke,0
@heleneinbetween,0.0046845046861
@alkarus,0.0394595947021
@luca_rubinacci,-0.000172597146347
@zeynepshome,0.0404286531598
@evachen212,0.0230608281392
@delfinadelettrez,0.0471971155644
@cutelittleinspo,0.0214336377151
@gerihirsch,0.0102358896831
@shopimpressions,0.0181247163916
@activeyogi,0.0192855052638
@passionpassport,-0.00646026291479
@karenbritchick,0.0349644315195
@badgalriri,0.00302308806226
@morrellsarmoire,0.0263901266684
@mealan,0.0232657963453
@cindiddy,-0.00546980784875
@punkhippie,0.0126488789648
@karissamariie,0.0174509637627
@shesheshow,0.0138829316655
@deepicam,0.0188303498361
@polishedavenue,0.0107471812728
@snhphoto,0.00962966156531
@demureartistry,0.0191570115313
@jetsetchristina,0.0078869493263
@chrisburkard,0.011232242095
@cabby_james,0.0428884148189
@jenesaisquoithe,0.0178893163467
@aritheheiress,0.00490773159724
@labellemel31,-0.00311897803199
@harperandharley.,0
@eidosnapoli,0
@rackandrouge,0.0031410045995
@dresslikemila,0.0640423494997
@luellabartley,0.0227015272524
@anna_dello_russo,0.0146159926633
@timvanrooyen,0
@anniereeves,0.00483874320052
@candymagdotcom,0.00652683248402
@whitneybearr,0.0244720832678
@michelle_orsi,0.00626419184337
@calivintage,0.0279182293921
@est_lyu,0
@panyrek,0.0165836524413
@francetajohnson,0.0393727459216
@jeannedamas,0.0132332073721
@designmanifest,0.0217049178783
@seealan,0.00595052025289
@loudoillon,0.00819543646114
@ruud_da,0
@alexstrohl,0.0167354929478
@brandhorse,0.00222467148344
@the_caroo,0.0228528434183
@luisaviaroma,0.0380027620289
@isaaclikes_,0.0481180394475
@accorindingtoblaire,0
@maurostev,0
@womensfashionspot,0.052304192882
@shopgirlblog,0.0294023949405
@jrapppp,0.00778462926512
@joeottawaystyle,0
@dannijo,0.0394383057255
@burberry,0.0409621866507
@stylescrapbook,0.0401968899493
@bethshearing,0.026945242836
@adidas,0.0101687930503
@levonlock,0.011104981748
@rongrong_devoe_illustration,0.0511235165799
@suziemcadam,0.0166280567089
@cibelepublio,0.0172016210199
@kristina_bazan,0
@surisays,0.0355819737808
@tullylou,0.0129879673476
@sporteluxe,0.0005214912763
@lexeesmith,0
@justmorris,-0.00211685251267
@er_saloon,0.0242459672886
@pamallier,0.00913571187052
@zara,0.0291901229236
@calliethorpe,0.00770417102161
@fashion.ideals,0.0231030710975
@missysueblog,-0.00986650990972
@popbee,0.027237919592
@honestlywtf,0.017994026752
@aladiia,0.0346843872038
@moruf,0
@gowithoutwalls,0
@nabiilabee,0.0217945351692
@a,0.0221716720596
@local_milk,0.0264127859328
@annagotsyk,0.0357289282898
@ivanshaw,0.0180595077734
@alexisteichmiller,0.0286573936879
@robinnyc,0.0339913582565
@georgepapanikolas,0.0613320617135
@kobi_jae,0.0148418449362
@trevor_stuurman,0.0152876647904
@thefrugality,0.0176659148018
@ctlifestyles,0.00689575221438
@neimanmarcus,0.0246163813609
@jaglever,0.0559164961296
@onahazymorning,0.0381002334695
@lauraleabalanced,0.0288404124292
@lefashion,0.0371655731803
@alexanderkenton,0.00678908333937
@ainecarlin,0.025594092842
@milasuchnyc,0.0281822368811
@connfoodandfarm,0.0154321631195
@alexioso,-0.000341228877023
@vmagazine,0.0160531182858
@lovebrownsugar,0.0114245357492
@sweetwaterpete,0
@eleanorhardwick,0.0144640984487
@chandnip,0
@aviviwang,0
@jaefields,0.0174810479229
@thathayetrida,0
@rosiehw,0.0209909685998
@astylishsidepjt,0
@jennfredtv,0
@story154,0.0407501932682
@rachparcell,0.0351523652478
@georgieeisdell,0.0277299443446
@rag_bone,0
@allbaddays,0.0244851548444
@hermes,0.0300107951258
@reissfashion,0.0194426406255
@ascia_akf,0.0202152538033
@yingchunyc,0.0125229613696
@g_annunziata,0.0148876208084
@thelovemagazine,0.0120976121123
@1767designs,0.0218104579369
@livvylandblog,0.0166508565766
@fashiondads_,0.0211733183423
@bethbehrsofficial,0
@peachestopearls,0.0140222904768
@thesweetestthingblog,0
@yourlbb,0.00905176544363
@kittehinfurs,0.0150864939916
@nasa,0.00506373021905
@peoplesrevteam,0.014140511048
@olderbrotherus,0.00869415668327
@whatemilysaid,0.0132747534191
@vanillaandlace,0.0271452757357
@sanneb10,0.0170063105117
@fashion.civilization,0.0508419502469
@lemonstripes,0.0246613387735
@cmoretz,0
@whowhatwear,0.0304302902176
@goldcoastmag,0.0286118727184
@hlgroup,0.0121359434377
@theyallhateus,0.0183065706193
@lapassionvoutee,-0.00292561581162
@stylesouffle,0.0202399985628
@fitnessontoast,0.00972402378037
@roomforgirl,-0.00750652589328
@andrewweitz,0.0204083781666
@tiniegram,0.0259001541265
@lucialiustylist,0.02664156686
@hap_style,0
@hap_fashion,0.0104476893635
@stylesixties,0.00421077727587
@threadsstyling,0.0163396908697
@peaceloveshea,0.00924425472429
@cosmopolitan,0.015561986247
@whimsicalsoles,0.0307855060406
@prconsulting,0.0044778459358
@styledrive,0.00815337270275
@elinkling,0.0123783695008
@bellatheblog,0
@darrenkennedyofficial,0.0380838391768
@nicolaformichetti,0.0106751611506
@mrbagss,0.0376496234723
@palmbeachlately,0.0259591913444
@thehunt,0.0319545305144
@fashiononvibes,0.0476007944088
@what_my_daughter_wore,-0.00280050073446
@vibede.girl,-0.0132841709539
@trineswardrobe,0.02478714096
@taylorswift,0.0240207811997
@showstudio,-0.00654314266819
@harperandharley,0.00993258094501
@shubham.sharma23,0.0332507627103
@iamcharley,0
@dpatron,0
@themiddlecloset,0.0153772908768
@tensegritt,0.0238580821356
@crosspens,0.029007219117
@fashionablyflexy,0.0266623857001
@fashionhoax,0
@fabioattanasio,0.0186767002549
@thebodyshopind,0
@thecoveteur,0
@carolinedemaigret,0.0147602215668
@tworedbowls,0.0368830668123
@annstreetstudio,-0.00448080136936
@dennielias,0.00864073386342
@mamawatters,0.0143358738796
@alfskiii,0.0184877420727
@zarainternational,0.016448455676
@kdfaustino,0
@roco_runs,0.0274628481018
@latonyayvette,0.0102074107006
@marcustroy,0.0272928108271
@averysay,0.0124467150124
@lenadunham,0.02165650511
@zac_posen,0
@yestohoboken,0
@theurbanspotter,0.0171751963213
@carriec,0.0164178759233
@malinandgoetz,0.0268917041752
@filxiaobai,0
@_luxuryfashioned_,0
@ftlauderdalesun,0.0315730589368
@monicaposadas,0
@ihateblonde,-0.00336640144542
@menwithclass,0.0391442866447
@a_southerndrawl,0.0363693756123
@jasonwu,0.026384633279
@desserts.club,0.0355370523073
@sarah_nait,0.0434791524567
@bostoncommag,0.0245385269242
@7assansalem,0.0199975666096
@caraloren,0.0137215474544
@sarahkjp,0.0393062320562
@pinklemonincrystal,0.042296099197
@nealsantos,0.0408897014404
@joeymaindividuality,0
@stylegalz,0
@krissyhosman,0.0449681624858
@closet_goals___,0
@macrameindia,0.0304561469047
@eliza_moore,0.043430597666
@lichipan,0.00974767768799
@francasozzani,0
@cteatsout,0.0276538777124
@whatmyboyfriendwore,0.0525142954835
@fashion_inspiration68,0
@elle_fergsuon,0
@thesouthernstyleguide,0.0204885123739
@royalrepubliq,0.0634439739585
@lesdemoizelles,0
@freqmag,-0.00701084182157
@dallasshaw,0.0241303873313
@bishopandholland,0.00912878346366
@mertalas,-0.00395690236394
@yoyokulala,0.0178706611518
@inspire_me.xo,-0.0066263893254
@hplifestyle,0
@lilykatefrance,0.0162665043591
@maisonvalentino,0.0325060082786
@mrjoezee,0.00275948764095
@kayture,0
@garconjon,0.0201063600852
@visitlauderdale,0.00544595005898
@vispalberlin,-0.0118780014503
@stylesocietyguy,0.0571479181597
@lainyhedaya,0.0301520785686
@laurielauriane,0.0185384662046
@duchessandlionco,0.0128442193758
@bat_gio,0.0249016208876
@thesassypeach,0.0316693189188
@jytchang,0.025589628679
@nothingtowear.blog,0.0108893846819
@danielwellington,0.00783994549132
@nytfashion,0
@chiqgirl,0.0260366545757
@annadellorusso,0
@clothandman,0
@makemylemonade,0.0171371677349
@vivaluxuryblog,0.0314051748465
@thefashioneveryday,0
@aimeesong,0
@shereenlovebug,0.0225330901496
@binzento,0.0115534601017
@billieroseblog,0.0141897551238
@boriahclothiers,0.014699031319
@tavitulle,0.0365306121497
@mikkoputtonen,0.0101478776312
@aaronchristian_,0.0235387755257
@vogueparis,0.0112183388757
@melaniesutra,0.0352012631348
@netaporter,0.0321194458083
@sarahjessicaparker,0.0273286674638
@fashion_mariia,0.028076001657
@sassypriti,0.00591097016217
@blazersbellinis,0
@fashionhedge,0.0172739900789
@alfiebakerstyle,0.0197517698843
@amadea_dashurie,0.0277395983896
@gingerbridehouse,0.0194128622163
@ulimali,0.0203085178747
@vanishalifeunstyled,0
@myenvybox,0
@amberfillerup,0.0187620984374
@yoga_girl,0.0131773136125
@carolinestf,0
@allsaintsshop,0
@deaddsouls,0.014069737567
@nawaalakram,0.0109079064034
@nadiafairfax,0.00904930618418
@susiebuble,0
@fashion_week,0.00891326151748
@beccacosmetics,0.0118757955886
@hudsonshoes,0.13160354672
@brooke_wall,0.0111146682866
@oh_anthonio,0.0432327571048
@sanakeefer_w,0.000892074475171
@bc_tacos,0.0183915265941
@madamxxl,0.0332965901252
@blamefashion,0
@mallorysauer,0.0191436226877
@theserenagoh,0.0203270373537
@nudiejeans,0.0388739752832
@cmhstyle,0.00903567462226
@jordanbunker,0.00712040131413
@ellepennerrd,0.0375870477643
@nicolettemason,0.0237809281241
@extrapetite,0.0183890134722
@fairfieldista,0.0282082389194
@camiejuan,0.00888299347161
@ttomasihill,0.00863134200151
@dresswelldogood,0.0138855872121
@schlboycouture,0
@vastcharm,0
@5aleejilifestyle,0
@gopriv,0
@regalphis,0.0178776385008
@todaystyle,0.00562933800405
@somethingnavy,0.0153198503705
@slanelle,0.0187103026216
@vougue_issues,0.034394136787
@thesartorialist,0.00374401540772
@thestylebungalow,0.0309693745278
@dohagolfclub,0.00491351583956
@garethpon,0.0110239535814
@amee.kim,0.0125432337351
@jadorefashion,0.0140521183621
@tommyton,0.0173908527847
@fashercise,0.032566013413
@simplycyn,0.0122040905761
@31philliplim,0.00041567561829
@theloveassembly,0.0112122803302
@jesseboykins3rd,0.0360096837795
@lookdepernille,0
@angelesalmuna,0.0231409214513
@youmakefashion,0.0189148194199
@blaireadieee,0
@jimmylaunay,0.0182261537138
@sonubohra,0.0208879717863
@thelipstickdiariesxoxo,0.0424446137056
@ngoldenberg,0
@fashion_actavis,0.0207068455153
@coraliescloset,0.0106499669836
@rumineely,0
@themetroman,0
@sea_of_shoes,0
@rantiinreview,0.0107049555781
@itscamilleco,0.0192556535163
@fashionupper,0.00013339931162
@carlabeauty,0.0123422740008
@leerachel,0.0173655390057
@catherinepvogue,0.0206696682481
@lonestar.looking.glass,0.0201453899036
@laurenbejaouoi,0
@style.anon,0.0177016355023
@codybess,0.000179486361405
@miss_luckypony,0.0211738504919
@prabalgurung,0.0187551668159
@thomas_k,-0.00574719206528
@twitter,-0.00332887830063
@iamerikaellis,0.00650726941891
@phashinjunky,0.0484183628316
@oliviapalermodotcom,0.00843475246195
@jeremy_0226,0
@mrstreetpeeper,0.0123645881175
@yiredelcastillo,0.0187721834159
@jaredchambers,2.19380615925e-05
@falahmustafa,0
@jasleengupta,0.0313520175927
@gianasim,0.034182905212
@openingceremony,0.0228908743674
@chunky_lemons,0.0699545439859
@kanyewest,0
@geraldleveritt,0.0234856318723
@adrianneho,0
@nycpretty,0.0421714904205
@thesteelemaiden,0.0205617179934
@veronikaheilbrunner,0.0180938853047
@oliviapalermo,0.0265266687525
@luckymagazine,0.0180893768743
@katherinepower,0.021977097835
@ellemagazine,0.0198196276373
@beau_nelson,0.0406433756877
@makenicefashion,-0.0196757957851
@marimariamakeup,0.0207004371234
@shynnz,0.0291841520544
@mylittleamsterdam,0.06897579261
@pausethemoment,0.00700872967025
@phillystylezine,0.0179116458856
@foxyzingaro,0.0475334914074
@brightonkeller,0.0164212741303
@farahdhukai,0.0265255566144
@kimbotlay,0
@teenvogue,0
@jujujuxiaowen,0
@makeupmatthew,0
@morgancolsen,0
@theaugustdiaries,0
@stellamccartney,0
@styleontarget,0
@marieclaire,0
@kleidsam,0
@constellation_ox,0
@theglamourai,0
@alicia_janee,0
@mitchellbelk,0
@talisa_sutton,0
@miraduma,0
@captaindata_s,0
@jesskeys_,0
@rihanna,0
@dippednyellow,0
@miamigrams,0
@officialrushhairbeauty,0.0144239755331
@andreasweinas,0.0306667406827
@francesmayshop,-0.00786485133591
@leaf1982,0
@nikitadobrynin,0
@jacquelinetylerpr,0.0119578465549
@witblog,0.0288655662452
@olivercheshire1,0
@indiaroseco,0.0434397029344
@beingtomfarrelly,0
@mattiasswenson,0.0494440070529
@allessiolr,0
@canadanightlife,0.0189896220526
@aspinaloflondon,0.0155544896511
@allsaints,0.00292226217168
@wgsn,0.0202426743282
@yelpbpb,0.0237049726515
@stylistainsider,0.0253374691941
@md,0
@timothyfelix,0.0245826372078
@yonipai,0.0331980936374
@beasofbloomsbury,0.0213336437146
@ianmcrumm,0.0228399972514
@rebeccaminkoff,-0.0090786672865
@psimadethis,0.0281823281413
@abowlofweiss,0.0312364821408
@lorealmakeup,0.0310506882685
@emilyanngema,0
@kelawalker,0.017440790535
@bof,-0.00692220238828
@stylesista,0
@tamumcpherson,0.0113987698846
@getgirlshair,0.0378155868562
@ootdmodels,0.036130090308
@nickwooster,0.0164965571679
@cntraveler,0.0154370696588
@fashionista_com,0.00554219685531
@lilfashionisto,0.0318740126873
@mariesbazaar,0.0225581879535
@aveda,0.0303074181914
@akosua__vee,0
@y,0
@chantsy,0.0245495822764
@jolyonevattbexon,0
@jamesdemolet,0.027727709577
@yazthespaz89,0.0208009976438
@fhatuwanimukheli,0.0205726151137
@ootdgoalsz,0.0225920026851
@spottedsf,0.0242997300503
@camtyox,0
@showstudio_nick_knight,0
@basebodybabes,0.0293165268411
@samanthawills,0.0134714763897
@tastefortlauderdale,0.0334568904158
@bandizstudio,-0.00202026981135
@imchanism,0.0329037421615
@christophe_w,0.00800050486551
@candyshopvintage,0.0452100216215
@anoukyve,0.0199673785191
@dazedmagazine,0.0399553371645
@darlingbedaring,0.0089911727362
@typhaineagusto,0
@jennifer_heater,0.0225234220765
@renee_kemps,0.0224972422409
@raniadabaghjewelry,0
@jameskaliardos,0.0165897652924
@david_tipping,0.0141429625834
@suburbanblues,0.00873900442066
@feeeeya,0.018843389113
@bano_eemee,0.0422791877002
@jezra_m,0.00913579208403
@fash_rev,0.0232883739986
@justjordan_ie,0
@debrabarraud,0.000317051687123
@mohegansun,0.0452694133147
@leahkim,0.0448091022952
@jc_jonathancheung,0.0350159478556
@ninaerin18,0.0224520142712
@richard_hannes,0
@chroniclesofher_,0.00902894519913
@agathavpw,0.0361213827119
@sirrpaul,0.000901493537517
@sylviahaghjoo,0.00541186904496
@mrphilgreen,0.0229618272017
@korm87,0.00838162374878
@marlenemartien,0.0450927289753
@inspiringwit,0.00957516783235
@photographybydw,0.0108723835401
@elleiconlee,0.0130672809545
@sugarandcloth,0.0233191080027
@glitterandgingham,0.0195022038851
@louisepando,0
@zelieforshe,0.00896689354382
@styletomes,0.0112154333386
@giizeleoliveira,0.0177506632854
@maryorton,0.0124195663901
@grind,0.026134643707
@stevenonoja,0.00947130779347
@atkinjen,0
@joannahillman,0.0204432809626
@designerrabbi,0
@guerreisms,0.0348743604172
@emiliamuartist,0.0319352711467
@rogueminx,0.0289640459513
@fashionbandwagon,0
@bpcmpr,0
@kaadiki,0.0411257288162
@sabrinasikora,0.0198960609313
@bitchesbeglutenfree,0.023287685751
@goldwilldigger,0.0160640742796
@lisadengler,0.00392457458621
@pinklip,0.00211815811591
@fashionmodelsz,0.0412934623581
@ejsamson,0.0444013213137
@constellation_xo,-0.0187249571252
@townandcountry,0
@_classy_gorgeous_,0.0280998988116
@fashionbombay,0.0203839073906
@tahsinbln,0.0125147965666
@bartsboekje,0.0161810545053
@timesfashion,0.041038174212
@tmagazine,0.00587159942066
@adieushoes,0.0187865260816
@tgosingtian,0.0132320482928
@garnerstyle,0.0296493480916
@officialalt,0
@buzzfeedceleb,0.0189890285616
@fran_t,0.0194552781087
@chanel,0.0428602745054
@clairesulmers,0.00501963524044
@voguemagazine,0.0172587771065
@aliencreature,0.0443427438522
@ashrod,0.0355993533481
@baddiebey,0
@samhorine,0.0257800055926
@erikamyfreechoice,0
@mararomrraro,-0.00537288381141
@popxodaily,0.0352177162775
@edroste,0.00780394826386
@jaclynnbrennan,0.00842291395187
@ahmedabdelr,0.00401727967435
@charisma_monroe,0.0110719139878
@k.els.e.y,0.00971911918776
@timasfashion,0.0318917505298
@blackbymariasilver,0.0494122742293
@armando_cabral,0.00397656737099
@kevinbeltran,0.0383427676719
@spunkyrealdeal,0
