@fresherthanchris,-0.000634866220251
@jakerosenberg,0.00503754518483
@beardsofcanberra,0
@rosielondoner,0.0212898483769
@girlwithcurves,0.0193403720664
@fruzans_beauty,-0.0116323734598
@smfblog,0
@kevinruss,0.00115308057387
@itsafterfive,0.0163874760024
@ctbites,0.0370073484748
@curvygirlchic,0.00732154600323
@doctor_kwon,0
@awesomeamsterdam,0.0229161374957
@eatpraywearlove,0
@shopbop,-0.0116951285679
@kcdworldwide,0.0131054081926
@harpersbazaarus,0.0167518646315
@christingc,0.0218829525503
@kirkomade,0
@thelovelythingsblog,0.0247494645899
@thegirlfromfuss,-0.00696488978876
@pdy,-0.0157885186492
@closcadesign,-0.00200550340931
@denver.darling,0.0160208078019
@oraclefoxblog,0
@bertrandmak,-0.00383933560555
@emilyschuman,-0.00411954894293
@neusalonzindia,0.0179275409092
@nicolettareggio,0.00938563632198
@allthatisshe,0.0179859125135
@dapperlou,-0.0130678705095
@xandervintage,0.0217198135679
@adenorah,-0.0178313602153
@mirandakerr,0
@troprouge,0.0281256972738
@heystamford,0.0132974387106
@stefanogabbana,-0.00156368317586
@kookiebuhain,-0.0148952409845
@playdatesandpearls,0
@streetetiquette,-0.0275907261229
@thedaileigh,-0.0306960950808
@tdposh,-0.00795852295434
@lexiconofstyle,0.0123909051411
@valentinehello,0
@styleheroine,-0.0126902315645
@kristinabazan,0.0204537915538
@fashionzine,-0.00985316858454
@joysewing,0.0164991615719
@carly,0.0134704000595
@astylishsideproject,-0.00470434255605
@asiyamigold,0
@sandrajuto,0.0254986830385
@levis_uk,-0.00109515195925
@style_by_salli,0.00883193027028
@waitingonmartha,0.0106724058812
@wefashiontrends,-0.0140891005434
@kylehocking,-0.00643054280686
@cakeandconfetti,-0.00366471800552
@jm,0
@fashion.selection,0.00198703420046
@aideenfeely,0.0132691303806
@karachomistek,0.00147639513835
@pepamack,-0.00369351031441
@drewbarrymore,0.0242150554235
@just.fashion99,0.0203845368341
@tamagocat,0.00630905864431
@nikmode,0.0253112597578
@departmentofwandering,0.00933918966282
@martynamartyn,0.0299763409572
@chintlaw,0
@violetgrey,-0.0146565547239
@jn,-0.00916569671741
@farahemara,-0.00487930741198
@donatella_versace,-0.00347230588927
@humansofamsterdam,0.0209720194245
@unelibanaiseaparis,0
@ashleyljames,0
@barneysny,0.00825683069022
@nicholaselmi,-0.0106810356997
@brooklynblonde1,-0.00110408706394
@jakesvisuals,0.0317495811751
@mduenasjacobs,0.0124269026945
@tosha_eason,0.0113989163854
@tkmaxx,-0.0121349177872
@krystalschlegel,-0.0120761906941
@aldonabb,0.00274071325509
@metrouk,0
@miamicom,0
@carineroitfeld,0.0208365155688
@eatsleepwear,0.00553794701824
@natashandlovu,0.00397663041745
@jscott24,0.0263019365761
@gigihadid,-0.0090340074605
@grantfriedman,0.0162702457537
@jessicaalba,0.00314919568265
@yasalamfashionblog,-0.0121512393651
@rocket_science,-0.0111439439019
@theblondmacron,0
@heliumcreative,-0.0021280761404
@worldmcqueen,-0.0169477002894
@altarpdx,-0.00829954072088
@bagsandbunnies,0.00565610443961
@kateymcfarlan,0.00815686908125
@dashing_darlin,0.00431521665691
@colerise,0.0022101716137
@vanityfair,0.0143348574171
@jessijaejoplin,-0.0103266022262
@karwantahir,0
@sophie.seddon,0.0122837969334
@marquelleturner,0.0154700526858
@notyourstandard,-0.000867079067732
@manrepeller,0.0209633208955
@boohoo,0.00489916005443
@essentialsbya,0
@riverisland,0.0151792544679
@wanwan_lei,0
@stylecaster,0.0121542219515
@carolinaengman,0.0219533901422
@croyable,-0.0100917375
@youngadventuress,-0.00177378983118
@sazanhendrix,0.0116260829328
@thenashvilleguide,-0.021363275529
@vydia,-0.00713632496343
@ireneisgood,0.000839122812952
@rachelzoe,0.0249046217825
@joythestore,0.011667176399
@ecowarriorprincess,-0.00407255574296
@itstamyodell,0
@jenselter,0.00335847294653
@saralongsworth,0.00899912111945
@allred.katie,0.0168715813898
@apairandaspare,-0.00342209821903
@soojmooj,0.0247999524605
@missomalondon,-0.00409614047176
@iamnaomicampbell,0.0123127349759
@iambeauticurve,0.0149217997435
@kateireneblue,-0.0123912123163
@browtifulbremen,-0.00375497383757
@yellowteapot,0.0186135057032
@jprstyling,0.0148843956592
@reifhaus,-0.0176368135875
@alexa_chung,0
@caroissa,0
@eleonoracarisi,-0.00701965466575
@nike,-0.00517119944002
@damselindior,-0.00891967791918
@refinery29,0.00167591275075
@hijabhills,0.0413317666774
@cindycrawford,0.00692499334715
@saharfoad,0.012925645086
@anna_flanagan,0.00667989625604
@ashleynstyle,0.000646391379199
@chungalexa,0
@browneyedbaldie,0
@dinatokio,-0.00130914792898
@dressingoutsidethebox,-0.0109907144771
@michaelkors,-0.000648839977885
@facesbykalahn,0.0457202624072
@cfda,0.012700187483
@colleenrothschild,0.00670785371242
@danaprigge,0
@starworksgroup,-0.017464789631
@ethicalfashion,0.00651500191724
@intothegloss,0.00608227494078
@cathkidston_ltd,-0.0159775153863
@joeylondonstyle,-0.000806297329355
@gwynethpaltrow,0.0141813728209
@songofstyle,0.0197953485033
@luxuryshoeslover,-0.00517829598451
@nytimes,0.00467644647293
@leah.simmons,0
@ymorbeauty,0.00886380010801
@al_bizzy,0.0105938998427
@parkncube,0.000150467400858
@jakerosenburg,0
@amsterdamlightfestival,0.0130278502528
@belledecouture,-0.0142869881281
@calliereiff123,0
@_browsbyash,-0.0051834106903
@angel_m_style,0
@giasaysthat,0.00630476501573
@roywrench,-0.00605148744084
@macenzo,0.0286441017753
@andyheart,-0.016421198587
@kaycaden,0.00473322243274
@mrbradgoreski,0
@fashiooworld,0.0180650132629
@uwa2000,-0.000685416314115
@cozyhome.msk,0.00332310721287
@ladyflashback,0.00813329455498
@missjulee,0.0131097068183
@oscarprgirl,0
@abikiniaday,-0.00345675545882
@nweakly,0
@rachelstrugatz,0
@ponysmakeup,0
@modelmayi,0.0289950112369
@everythingcurvyandchic,-0.00109282911329
@hazeface,-0.00160068190942
@cyberfashioninspiration,-0.00510360462033
@smallrocks,-0.00322147010845
@katherine_ormerod,0.0116702545404
@melodiejeng,0.0108862323981
@natgeo,-0.00169063612284
@stephanielee199,0.00316517907949
@gentlemen_class_,0.00895198925967
@fashionlady.ss,0.0529525365633
@jackguinness,0.0196751914613
@coolcoolbeverage,0.0234438835825
@emily_luciano,0.011054105347
@margaret__zhang,0.0314240937836
@frassyaudrey,-0.00597186783212
@nathb,0.0183544260991
@jesscochranepaints,0
@teerwayde,0.0470945336118
@sergio_ines,0.00537416626549
@wmag,0.00525919480456
@kbstyled,-0.0163830818131
@amazingfashioni,0.0387855705866
@liketoknow.it,-0.0281171784099
@chrisellelim,0.0155423900826
@stylefriques,-0.0205505461941
@shellystuckman,0.0141630374148
@patmcgrathreal,-0.0334506420062
@happilygrey,0.00547368319533
@mrtimefreezer,0
@mikenouveau,0.0191769191085
@tinaleung,0.0211678120801
@gretaeagan,0.00242466959462
@catmeffan,0.0180436851731
@afroditeskitchen,-0.000301970035685
@killer_kurves,0
@couldihavethat,-0.0140281920852
@heybiblee,0
@victoriabeckham,0.015680585287
@thatslovelyblog,-0.0366984754749
@tuulavintage,0.0158221914016
@athleisurely,0
@sincerelyjules,-0.0135605908971
@menwithstreetstyle,0.0116976438441
@pinsykes,0
@classnfab,-0.0049294796448
@juliahengel,0.0103281994818
@doughtystintl,0
@polabur,0.0109214759549
@ourwildabandon,0.0218825776693
@floyding,0.087357059355
@brooketestoni,0.00273580702905
@rachelrector,0.0195909473888
@natalieliao_,0
@dailyfashionista_dana,0.0113701906853
@instyle,0
@viewfrom5ft2,-0.0123990894031
@thenativefox,0.0122909509883
@fashionininspo,0.00924601973898
@meke_up,0.00426171071971
@ronmcquade,0.000983511760436
@ohmiloveit,0.0101222325357
@thelsd,-0.00211898952134
@justfabonline,0.00974523910252
@journeywonders,0.00811309093498
@alexanderwangny,-0.0247154591477
@hilaryduff,0.0203982267924
@instock_nl,0.00796631907906
@karlmond,0.0199471459131
@pobke,0.0250013091141
@sarahbelle93x,0.0158459416998
@vivalapinkposh,-0.00121624648093
@katvondbeauty,-0.012690096211
@yoga_one,0
@lookingthroughhercloset,0.0281590745027
@laureenmuy,0.00672261932396
@unclescrooch,-0.00160916127298
@maketodayahollyday,-0.00560432159468
@dallaswardrobe,0.000659745404448
@muradosmann,0.00925333119228
@fashion.wicked,0.0221171096741
@poppylissiman,0.0227056730209
@plus__j,-0.00122600247799
@theblondeabroad,0.00160407965638
@biancamaycheah,-0.0259358130133
@britneyspearsfragrances,-0.0102864644682
@helenabordon,-0.0144065535185
@daniaustin,0.0165105373069
@thefashionguitar,0.00434395837838
@beangoods,0.00523876630308
@amiparis,0.0231243867808
@ctvisit,-0.00454185847508
@theflawlessmommy,0.0260459308877
@discover,0.00194696043603
@smashleybell,0.0352636799762
@superwowomg,0.0118824458991
@interviewmag,0.00370324157837
@lifeofaladybear,0.0161861513372
@itsmeerikat,0.00572570772919
@101thingsilove,-0.014913168619
@jumiaegypt,-0.0028078960602
@ojandcigs,0.0273582131272
@dtkaustin,-0.00755439399881
@southernfatty,0.00946434582676
@marthaward,-0.00712514764732
@coastalconnecticut,-0.0272406781873
@byhilaryrose,0.00560167522568
@jennadouros,-0.00907416713085
@byrdiebeauty,-0.00274033585105
@elinacasell,-0.0180444865539
@jessika_hunter,0.0190878966292
@laylawearsmakeup,0.0104366812634
@glorianoto,0.00263216871184
@mariustorenga,0.0103515314184
@modelinia,0.0134579106952
@stregisdoha,0.00426850927683
@blondesandcookies,-0.00504911432138
@elleuk,0.00173479605077
@thewerkplace,0
@thisisveda,-0.0384763177866
@garypeppergirl,-0.00575983807161
@tashsefton,0.0039955408072
@justfabonline.,0
@themerrymakersisters,-0.0054482220414
@fhits,-0.0138209458064
@freddieharrel,0.0151564815382
@themoptop,-0.0091628642568
@jacobjkeller,0.00639915341686
@lepostcard,0.0267025321656
@hilaryalexander,0
@christenebarberich,0.000765096111867
@vickymanzhosov,0
@gorgeousingrey,-0.00226677162214
@unhumanrights,0
@laurenatsaks,-0.000602911398676
@alealimay,-0.0150102585653
@deborahlippmann,0.00389080946155
@fashionknitsta,0
@angelbespoke,0.00669454186365
@cadeandco,-0.0216016410263
@fashionlookgirlss,0.0281962973654
@topshop,-0.0214570116876
@bombaybubble,0
@veronicaferraro,0.00632436294251
@susiebubble,-0.00670276120294
@promoting_you_shoutouts,0
@livia_firth,0.000370797859003
@eviesimm,0.00786126755086
@landlopers,0.00269027558461
@meganrunionmcr,-0.000118637516602
@kenzo,-0.00411600197324
@thehautepursuit,0.000355815706459
@derekblasberg,0.0170387304467
@humansofny,0.0207418820466
@lindaberlin,0.0139204744046
@mariotestino,-0.00179413704761
@stylemesustainable,-0.0132761174579
@kaitlynbristowe,0.0199305100753
@cestchristine,0.000127996754724
@daphnemodeandthecity,0.00592947220473
@craftic_,-0.000214309323453
@drunkonshoes,-0.00703876031431
@hellofrankieblog,0
@therealgreenwichgirl,0
@vanellimelli,0.0131826105655
@stylecusp,-0.00325474011327
@michaelamcvoy,0.0246549873726
@confettiandco,0.0279801660053
@proenzaschouler,-0.0179164175181
@stylegoalzs,-0.00787668062261
@adriancabrero,0.0190091309553
@bettyautier,-0.00103890256639
@charming___fashion,0.0480087687021
@thevagabondish,0.0108565960623
@fareedzakaria,0
@johanneshuebl,0.00557544285368
@thetinycloset,-0.00801208155995
@sartorialpanda,0.00199598625025
@allyzacek,0.0181106833553
@cbay_musiz,0.0400233788262
@tk_wonder,0.00240999566601
@danpiraino,-0.013890412114
@jasonchew_,-0.000564140514591
@topgrain,0
@heatherstaible,0
@alexcentomo,0.0210606822503
@myboringcloset,0.00345418721508
@myspacetom,0.0122385944116
@deepicamutyala,0
@nicolerichie,-0.00704061578485
@fredrdgz,0
@tsbmen,0
@lauries_blog,-0.00787994912736
@cupcakesloveme,0.0209238240872
@stephaniezwicky,-0.000951307297867
@yallamelo,0.003040781723
@_simonett,0
@bagsnob,0.0208240946639
@kendalljenner,0.00362693371643
@valjermayne,0.0106577241235
@styledotcom,0.00668371995134
@savvysavanah,0
@mrseang18,0.000777403936225
@nativeinnashville,-0.000335046979469
@moristeele,-0.00164808728895
@bryanboy,0
@getthegloss,-0.00434038288258
@curtisanewkirk,-0.0117762893286
@vnikali,-0.00171389879909
@mararoszak,0.0104403090896
@aniab,0.0118587883037
@gypsealust,0.00969169384421
@stevecalder,0.00443267673911
@blaireadiebee,-0.00749386975936
@merrittbeck,0.00303318449292
@adelinejessica,0.0191083726845
@sunkissedstephblog,0.0135368521446
@xonecole,0.0122448909353
@farhfromordinary,0.0154151776896
@zannarassi,0.0183836882218
@iconaccidental,0.023764664298
@sephora,0.0180060129966
@mikesolomonov,0.00566610683446
@joie_clothing,0
@susancernek,-0.0016779099073
@cocorocha,0.0200603410834
@mariedenee,0.00115287471385
@lenaperminova,-0.00518274384584
@ysl,-0.00496994912974
@kristiedash,0.0219668919302
@wwd,0.00716364829557
@kristinaxmakeup,-0.0127742556124
@siddharthajoshi,-0.0110930875499
@btherad,0.0234405447695
@kayaanlovebug,0
@theplanetd,-0.0125826643716
@sunglassesshop,-0.012725685148
@meredithmelling,0.0162997151877
@preppy_girls,0.0214262044717
@britishvogue,-0.00724435071212
@sonya_miro,-0.00114190261323
@sophiachabbott,0.0252131220569
@aniklacasse,-0.0132414836958
@rayban,-0.0310558700886
@blkdnm,0.00243364170362
@connecticutgram,-0.00250568806741
@marcjacobs,-0.0219480375408
@mckennatrahan,0.0134984570699
@hannelim,0.00790910170454
@2summers,0.0186409227072
@chathamhouse,0
@yara_michels,0.016787795885
@beautygoalzx,0.0179421814896
@mulbada,0
@hellofashionblog,0.00258707272095
@mrporterlive,0.00274359025617
@foodandlycra,0.0169823530064
@galmeetsglam,0
@justinliv,0.00535196466219
@styleandpepper,-0.00728830054694
@nonationality07,-0.0052786613167
@garancedore,0.0219258886864
@tommyhilfiger,0.00879010347971
@dressupwithjess,0.0144743941985
@303_fashion,-0.0139886845091
@rarebirdrevival,0.0111303243884
@stylepantry,-0.0523756943812
@gabigregg,0
@raniadabagh,0
@luxuryfashionandtravel,-0.0145416904377
@missstylefiesta,0.00292073555812
@telegraphfashion,0.0112531800568
@jbrandjeans,0.00360167784669
@asos_us,-0.00549218067459
@fashiongrandpas,0.0253888004375
@khloekardashian,0.0117592043827
@tashoakley,0.0135258218272
@christinazapolski,0.0188157909988
@sustainabilityinstyle,-0.00786833522385
@mackenziehoran,0.0175325163402
@romy_thebunnies,0
@wallahamar,0
@mrpfashion,0.0015701436117
@fullerfigurefullerbust,-0.031811696011
@twomacks,0.0140114474751
@doughtystpublic,0
@bellwether_dario,0.0150652609938
@pause_online,0.00280538306851
@sustainabledaisy,0.00504811077799
@hamishbowles,-0.0053195456486
@theblondesalad,0.0115649541894
@devinbrugman,-0.00852875596358
@bergdorfs,-0.0168159664636
@machusonline,-0.0270667361709
@thriftsandthreads,0.00129767619113
@carolinestfrancis,-0.00308190776085
@bbwgeneration,-0.00575156256748
@amommyinthecity,0
@royonthestreet,0.00576680356182
@frankmutjens,0
@karliekloss,-0.0121240905893
@caitlin_mcb,0.0240167313224
@i_d,0.0217906743578
@shopdandy,-0.0230763464965
@_yanyanchan,-0.00815197642753
@fashionbeanscom,0.00041357634625
@kateleemakeup,0.00406973759523
@sydneyfashionblogger,0.0244380831691
@privategg,0.0332925221022
@mrscasual,-0.0140841091192
@vanouelicious,0
@fourteenjay,0.00107308779593
@themilleraffect,0.0115483037327
@worldthreads,0.017558975388
@astylishsideprj,0
@cosstores,-0.0217162317264
@instagram,-0.00822825501494
@jessredden1,0.000930422799184
@nadiaaboulhosn,-0.00291715102939
@mellerobot,0.0146712436492
@sethcarnill,0.012586850975
@arabelleakinfe,0
@shewearsfashion,0.0211046806918
@wendyslookbook,0.0158118166363
@cndworld,-0.00693360352163
@ovaxposed,-0.00831229643333
@hijabfashion,-0.019902312417
@iamindiaross,0.000422277136698
@chiaraferragni,0.0646716472253
@alixcherry,0.0326326312957
@officialrodarte,0
@dalalid,0.00837487745245
@karolynprg,-0.0139435120275
@mariafranciska,0.0146499247161
@style,-0.0110902481101
@aaprovost,0
@adelinerapon,0.0195690108833
@9to5chic,-0.0123817433061
@dvf,0.00879541332776
@lonestarsouthern,-0.0168497087
@karenakatrina,-0.000996288608482
@nylonmag,0.0126779163554
@laura_bodyzone,-0.0190341729094
@sparklingfootsteps,0
@stilinberlin,0.0108563145562
@farhfromord,0
@cleofernandes,-0.00931707203822
@downtownftl,-0.00696984063399
@paridust,-0.0119695262628
@fashionedchicstyling,-0.0128277533945
@jessicabiel,0.0229331052355
@zanitazanita,-0.00993374845004
@marantisabel,0
@independentstyle,0.00969359305384
@lucywilliams02,0.00166215739186
@cheyzmeister,0.00801797514166
@acnestudios,-0.0511704590881
@francescocarrozzini,-0.00415400507806
@weworewhat,0.00229027658926
@ecofashiontalk,-0.0129604180245
@patriciaprieto,0.0105642374086
@maevdkrogt,0
@ubicouture,0
@samanthaneira,0.0155975623152
@houseofharper,0.00192715748113
@kenzasmg,0.00232959247601
@nately,0.00701055302789
@nainaco,0
@stylebyada,0
@abrokegirlsblog,0.0174253169193
@shoedazzle,0.0231585012168
@modaprints,-0.00347708587328
@dentellefleurs,0.00814111010044
@becky_malinsky,0.0025600844161
@cath_belle,-0.00982606588245
@sylviemus_,-0.00224091868844
@rcote_lilindianpapoose_,0
@amilli0naire,0.000680056922809
@si_sichen,0.00405273905634
@remymichelghougassian,0
@marksandspencer,0.00769900045746
@popsugar,0.00441167755074
@melzy917,0.00947603461059
@designowstudio,0.00160471526647
@walkinwonderland,0.00493750584152
@diesel,-0.00452830559248
@trendsandblendsgh,0.01068050213
@chictalkch,-0.00411594456785
@caitsplate,0.00779311996309
@haideralabadi,0
@sherryshroff,0.00786553928008
@luanna90,0
@kryzzzie,0.020711728722
@realvintagevirgin,0.0251687553871
@princepelayo,0.00840896534119
@facehunter,0.0218448838106
@nytstyles,0
@conscious_living93,-0.00920216063461
@fashiongoalsz,-0.0146180021427
@mensweardog,0.0227865766226
@ioegreer,0.0086269741317
@thedarlingdetail,0
@cheekyvintage,-0.00845330313503
@caroline_stf,0
@eunbi.eb,0.0224509867012
@danielrhone,0.0165699645292
@yayafashionland,0.00187894301791
@netherleighblog,0
@blakevond,0.027258063862
@curvenvy,-0.00917247770863
@fosterhunting,-0.00321689300374
@berlinstagram,-0.0101069416445
@riccardotisci17,0.00303565966201
@kyleneverywear,0.00223852429298
@airecentre,0
@timeoutnewyork,-0.0127790884097
@iamgalla,0.00976463454829
@andicsinger,-0.0157499914787
@themrsgibby,0.00199405759946
@marjorie_harvey,0.00216099008759
@reallysl,0
@shopburu,0.0183409548061
@sfennema,0.0077939816871
@bijouluna,0.0244857424778
@matthewzorpas,-0.01149382139
@sukhimann_,-0.00465268512832
@jislainduval,0.00171180362305
@cathyhoryn,0.0255059503702
@michelletakeaim,0.0179940219643
@clairegeist,0.011683517196
@elainewelteroth,0.0286372427942
@screativestudios,0
@caroline_joy,0.0104884286525
@4thandbleeker,0.0242742157345
@ootdgoalzs,0
@captaineco_fr,0
@pharrell,0.00557039575039
@c_kimber,0
@__pierce,0
@ootdgals,0.0437756713607
@harpersbazaarsg,0.0100667113243
@nycole_sariol,0.00580546502393
@lindagauntco,0.00423590964247
@kattanita,0.00260258902818
@poppydelevingne,0.0248356964902
@jaesukkim,0.00818664656905
@emmakennyillustrations,0.00431216211466
@thebohochild,0
@saks,0.000638997165461
@aubreymccoy,0.00865157479322
@accordingtoblaire,0.000578134042477
@natybaby,0
@greengal,-0.0206888764483
@nobudoha,-0.0108858703262
@topstylez,-0.0258177080394
@lovelypepa,0.00484060549277
@eaemileeanne,-0.0159424591185
@lyndseyzorich,0.011329325981
@micahgianneli,0.0357284753419
@missslionhunter,0
@leaf_greener,-0.000925711770521
@kegrand,9.29660553796e-05
@rachel_goodwin,0
@trysmallthings,0.012035561422
@dnelson4630,0.0420542681186
@vicopuentes,0
@minimalistbaker,-0.003359600451
@marthaeelman,-0.0013469925353
@missalissa,0.00869533768026
@thewanderlister,0.00033298732434
@_craftic_,0
@wendynguyen,0.0379816417982
@thisisashrose,0.00908627513327
@sartoriomerta,0.000486797919986
@kinksarepink,0
@thecut,0.0138444903712
@popsugarfashion,0.017553416873
@calvincopeling,-0.0266435614451
@platinumandpenniless,0
@kaitlinkkeegan,-0.0159900405557
@fashiowncom,0.0127244885887
@mrrutherford9,0
@newengland_photography,0.00394764663069
@emmawlker,0.0143490814975
@akanksharedhu,0.0100870117066
@_tommyton,0
@scentbird,-0.0180198382782
@girlandvanity,-0.00885489532745
@nashvillewifestyles,0.00509514948352
@katanafatale,0.0249074535545
@illgander,-0.0353163042248
@cmcoving,-0.00195615844661
@terrydonovan1987,0.0117935189784
@styleismything,0.129458351722
@devotedlyyours,0.00315896978874
@giampaolo_alliata,-0.00728751470867
@kellywearstler,0.0105852754818
@fashion_daily_uae,0.010489588539
@travelwritedraw,0.00928200463224
@atrendypeace,-0.00932361919938
@katierob20,0
@caradelevingne,0.0155897373425
@negin_mirsalehi,0.0258010258225
@gabifresh,0.0102409131432
@thegirlhasparke,0
@heleneinbetween,0.0146347030181
@alkarus,-0.00932576541079
@luca_rubinacci,0.00188774052614
@zeynepshome,-7.50687634649e-05
@evachen212,0.0266799292972
@delfinadelettrez,0.00712993665103
@cutelittleinspo,0.013133193745
@gerihirsch,-0.00452462580282
@shopimpressions,-0.00188934509623
@activeyogi,0.00714601027991
@passionpassport,-0.011733032413
@karenbritchick,0.000764735343996
@badgalriri,0.0195938595445
@morrellsarmoire,-0.0042099819943
@mealan,0.0113032758215
@cindiddy,-0.00580916573626
@punkhippie,-0.00484777226884
@karissamariie,0.0217811765922
@shesheshow,-0.0169670434297
@deepicam,-0.00159415094536
@polishedavenue,0.000443180161971
@snhphoto,-0.0123138839192
@demureartistry,-0.00542304209331
@jetsetchristina,-0.0232780875408
@chrisburkard,0.00574577233849
@cabby_james,0.0250399670101
@jenesaisquoithe,0.0152466759525
@aritheheiress,0.00180830613191
@labellemel31,-0.0120964668517
@harperandharley.,0
@eidosnapoli,0
@rackandrouge,-0.00883757099036
@dresslikemila,0.029910027984
@luellabartley,0.0161347509304
@anna_dello_russo,-0.0186289118254
@timvanrooyen,0
@anniereeves,0.00812945942943
@candymagdotcom,-0.00800297477179
@whitneybearr,0.0124024364018
@michelle_orsi,-0.006508555864
@calivintage,-0.00358421435747
@est_lyu,0
@panyrek,0.00265316968774
@francetajohnson,0.00228280493109
@jeannedamas,0.0165055119352
@designmanifest,-0.00479166082624
@seealan,-0.0016002613843
@loudoillon,0.0181052628278
@ruud_da,0
@alexstrohl,-0.0138303599024
@brandhorse,-0.00603006021996
@the_caroo,0.0106688245813
@luisaviaroma,0.00967557458484
@isaaclikes_,-0.0178458846679
@accorindingtoblaire,0
@maurostev,0
@womensfashionspot,0.116747606467
@shopgirlblog,0.042026466451
@jrapppp,0.00357219214048
@joeottawaystyle,0
@dannijo,0.0121524408741
@burberry,0.00262177817578
@stylescrapbook,0.0244163970709
@bethshearing,-0.00227158687788
@adidas,-0.0076767071834
@levonlock,0.0166470045736
@rongrong_devoe_illustration,0.0102943647314
@suziemcadam,-0.00484676072425
@cibelepublio,0.0109824038548
@kristina_bazan,0
@surisays,0.0150502863193
@tullylou,0.00130604347538
@sporteluxe,-0.0161902261185
@lexeesmith,0
@justmorris,-0.002127699511
@er_saloon,0.00287241728454
@pamallier,0.00152311205078
@zara,0.0610475865454
@calliethorpe,-0.00493964332284
@fashion.ideals,0.00616319481022
@missysueblog,-0.02273023157
@popbee,0.0559177112517
@honestlywtf,-0.00375812885765
@aladiia,0.00463085011199
@moruf,0
@gowithoutwalls,0
@nabiilabee,0.0181786989977
@a,-0.000352883946767
@local_milk,0.0031563892429
@annagotsyk,0.0293519898175
@ivanshaw,0.00574559236885
@alexisteichmiller,0.0127615669928
@robinnyc,0.0116804943051
@georgepapanikolas,0.00234490681604
@kobi_jae,0.0223101860566
@trevor_stuurman,0.0361504060285
@thefrugality,0.0089604417244
@ctlifestyles,0.0162550152221
@neimanmarcus,-0.0229199412204
@jaglever,0.0268275231209
@onahazymorning,0.0225344795234
@lauraleabalanced,0.00930663756281
@lefashion,0.00391997492035
@alexanderkenton,0.00514627189014
@ainecarlin,-0.00235485189009
@milasuchnyc,0.0162987658885
@connfoodandfarm,0.00158237893935
@alexioso,0.0115117360759
@vmagazine,0.0125558125313
@lovebrownsugar,0.00150693658438
@sweetwaterpete,0
@eleanorhardwick,0.0251996818842
@chandnip,0
@aviviwang,0
@jaefields,-0.00767708420758
@thathayetrida,0
@rosiehw,0.0162036722231
@astylishsidepjt,0
@jennfredtv,0
@story154,0.0150423261039
@rachparcell,0.00590315502189
@georgieeisdell,0.0212957039551
@rag_bone,0
@allbaddays,0.0129232282335
@hermes,0.027345431394
@reissfashion,-0.000985716369785
@ascia_akf,0.000544301464893
@yingchunyc,0.0101652501472
@g_annunziata,-0.00692508376974
@thelovemagazine,0.0208657931956
@1767designs,-0.0085648631491
@livvylandblog,-0.00415718315141
@fashiondads_,0.00407648650011
@bethbehrsofficial,0
@peachestopearls,0.0130377441561
@thesweetestthingblog,0
@yourlbb,0.00512399024344
@kittehinfurs,0.0118304356714
@nasa,-0.053181788276
@peoplesrevteam,0.00830739845353
@olderbrotherus,-0.00743583604928
@whatemilysaid,-0.000582694208655
@vanillaandlace,0.0253242387361
@sanneb10,0.00332282974136
@fashion.civilization,0.015707209235
@lemonstripes,0.00244073412201
@cmoretz,0
@whowhatwear,0.0168054962768
@goldcoastmag,-0.0047945752856
@hlgroup,0.00354165607044
@theyallhateus,0.0493322266452
@lapassionvoutee,-0.0300946200816
@stylesouffle,-0.00825912080908
@fitnessontoast,-0.00750611973533
@roomforgirl,-0.00555544136025
@andrewweitz,0.0199312806852
@tiniegram,-0.010201536491
@lucialiustylist,0.00604911966611
@hap_style,0
@hap_fashion,0.00128088407731
@stylesixties,-3.90548137105e-05
@threadsstyling,-0.0213746865779
@peaceloveshea,0.0133899011321
@cosmopolitan,0.00101662095056
@whimsicalsoles,-0.000162356351705
@prconsulting,-0.01187125398
@styledrive,0.00479999266369
@elinkling,-0.00195896087386
@bellatheblog,0
@darrenkennedyofficial,0.0217812521422
@nicolaformichetti,-0.00508325808275
@mrbagss,0.00889308353925
@palmbeachlately,-5.59581499617e-05
@thehunt,0.0125349574364
@fashiononvibes,-0.000691121806498
@what_my_daughter_wore,0.0222343891104
@vibede.girl,-0.00679721230711
@trineswardrobe,-0.00712351307432
@taylorswift,0.0134866624691
@showstudio,-0.0162330229731
@harperandharley,-0.014479301127
@shubham.sharma23,0.0137590566904
@iamcharley,0
@dpatron,0
@themiddlecloset,0.0029468538187
@tensegritt,0.0115012676341
@crosspens,0.013402724454
@fashionablyflexy,0.00135686148449
@fashionhoax,0
@fabioattanasio,0.00382778632176
@thebodyshopind,0
@thecoveteur,0
@carolinedemaigret,0.00606700728788
@tworedbowls,0.00752839116824
@annstreetstudio,-0.0255474954589
@dennielias,0.00975144950561
@mamawatters,0.00858699591115
@alfskiii,-0.00737675122994
@zarainternational,0.00799658639089
@kdfaustino,0
@roco_runs,0.00528381418341
@latonyayvette,0.0137107210435
@marcustroy,0.0123442125201
@averysay,0.0130515463814
@lenadunham,0.0111542902809
@zac_posen,0
@yestohoboken,0
@theurbanspotter,0.0164301393298
@carriec,0.00691948286185
@malinandgoetz,-0.00770599429267
@filxiaobai,0
@_luxuryfashioned_,0
@ftlauderdalesun,0.00156653203655
@monicaposadas,0
@ihateblonde,0.0220598668331
@menwithclass,-0.00844471915614
@a_southerndrawl,-0.00401470765349
@jasonwu,-0.0195757525906
@desserts.club,-0.02515403901
@sarah_nait,-0.0128866819493
@bostoncommag,0.000161768627319
@7assansalem,0.0215322873321
@caraloren,0.0244836785557
@sarahkjp,0.0183142661614
@pinklemonincrystal,0.0146275162355
@nealsantos,0.0206110522103
@joeymaindividuality,0
@stylegalz,0
@krissyhosman,0.0456183601906
@closet_goals___,0
@macrameindia,0.00326154076289
@eliza_moore,0.0462711637742
@lichipan,0.014595882985
@francasozzani,0
@cteatsout,0.0176801280439
@whatmyboyfriendwore,0.0167065324326
@fashion_inspiration68,0
@elle_fergsuon,0
@thesouthernstyleguide,-0.000576947103844
@royalrepubliq,-0.0129057428187
@lesdemoizelles,0
@freqmag,-0.00962963688586
@dallasshaw,0.0258387730876
@bishopandholland,-0.00569300303026
@mertalas,-0.00658179798725
@yoyokulala,0.00859169775109
@inspire_me.xo,0.000635805600737
@hplifestyle,0
@lilykatefrance,0.00587768563668
@maisonvalentino,0.00734904902036
@mrjoezee,0.0207144718054
@kayture,0
@garconjon,0.0105650331409
@visitlauderdale,-0.0171576774647
@vispalberlin,-0.00417618724762
@stylesocietyguy,0.0201396294765
@lainyhedaya,0.00241368938993
@laurielauriane,-0.0172201441076
@duchessandlionco,-0.00761032250705
@bat_gio,-0.00311955920895
@thesassypeach,0.0184927609547
@jytchang,-0.00403308246304
@nothingtowear.blog,0.000214048107925
@danielwellington,-0.00579108125293
@nytfashion,0
@chiqgirl,-0.0140673204626
@annadellorusso,0
@clothandman,0
@makemylemonade,-0.00875901420279
@vivaluxuryblog,-0.000543494390224
@thefashioneveryday,0
@aimeesong,0
@shereenlovebug,0.00385466211321
@binzento,0.0187510386018
@billieroseblog,0.00696756029918
@boriahclothiers,0.00400445993372
@tavitulle,0.0198504731072
@mikkoputtonen,-0.00480475172396
@aaronchristian_,-0.00377264992975
@vogueparis,0.00522045332952
@melaniesutra,0.0245402491515
@netaporter,0.00092247218583
@sarahjessicaparker,-0.0078051635949
@fashion_mariia,0.0394389106555
@sassypriti,-0.01592084512
@blazersbellinis,0
@fashionhedge,0.00596867548411
@alfiebakerstyle,0.0123577749454
@amadea_dashurie,-0.00574548511132
@gingerbridehouse,0.025078876697
@ulimali,-0.00686967491485
@vanishalifeunstyled,0
@myenvybox,0
@amberfillerup,0.0139081490749
@yoga_girl,0.0185654941313
@carolinestf,0
@allsaintsshop,0
@deaddsouls,0.0273516132835
@nawaalakram,-0.00870642222967
@nadiafairfax,0.00467201223843
@susiebuble,0
@fashion_week,0.0104637984128
@beccacosmetics,-0.0197423256148
@hudsonshoes,0.0123110607879
@brooke_wall,0.0158881864079
@oh_anthonio,0.00864914095494
@sanakeefer_w,0.0157715673276
@bc_tacos,0.0163770805982
@madamxxl,-0.0107410671548
@blamefashion,0
@mallorysauer,-0.00843815339389
@theserenagoh,0.00330582626854
@nudiejeans,-0.00242060014776
@cmhstyle,0.0108870498854
@jordanbunker,0.0108181086567
@ellepennerrd,0.0469159663646
@nicolettemason,0.011037803353
@extrapetite,-0.00547904811157
@fairfieldista,0.0123164993747
@camiejuan,0.00794182643818
@ttomasihill,0.000330794960374
@dresswelldogood,-0.00137999904017
@schlboycouture,0
@vastcharm,0
@5aleejilifestyle,0
@gopriv,0
@regalphis,0.00833857804116
@todaystyle,0.0172356626765
@somethingnavy,0.00366335033814
@slanelle,-0.00853356802158
@vougue_issues,0.0105609153352
@thesartorialist,-0.00248375199396
@thestylebungalow,-0.021758299951
@dohagolfclub,-0.0231190009423
@garethpon,-0.00816998724269
@amee.kim,0.0139333622823
@jadorefashion,-0.0184389318726
@tommyton,0.00707470155861
@fashercise,0.00362359054987
@simplycyn,0.0102622974003
@31philliplim,-0.0192461478241
@theloveassembly,0.0104873621848
@jesseboykins3rd,0.0380568589393
@lookdepernille,0
@angelesalmuna,0.0222951244471
@youmakefashion,0.00334384272779
@blaireadieee,0
@jimmylaunay,0.0501797218959
@sonubohra,0.0195246849627
@thelipstickdiariesxoxo,0.00216337114748
@ngoldenberg,0
@fashion_actavis,0.00504636345524
@coraliescloset,-0.00719228577732
@rumineely,0
@themetroman,0
@sea_of_shoes,0
@rantiinreview,-0.0335984170082
@itscamilleco,0.019543439678
@fashionupper,-0.0044825046218
@carlabeauty,0.00631112078645
@leerachel,0.00242297285608
@catherinepvogue,0.0311818624979
@lonestar.looking.glass,-0.00359998239629
@laurenbejaouoi,0
@style.anon,-0.0142155584342
@codybess,-0.00104227855676
@miss_luckypony,0.0114067240722
@prabalgurung,-0.0150223267427
@thomas_k,0.00226178636
@twitter,0.0106932882555
@iamerikaellis,0.0119071610892
@phashinjunky,0.123682835682
@oliviapalermodotcom,0.00827147756656
@jeremy_0226,0
@mrstreetpeeper,0.00436929843417
@yiredelcastillo,0.00777945764147
@jaredchambers,-0.0136293860434
@falahmustafa,0
@jasleengupta,0.0218671621653
@gianasim,0.0160263449076
@openingceremony,-0.0010641855489
@chunky_lemons,0.0117163287
@kanyewest,0
@geraldleveritt,0.00414281898609
@adrianneho,0
@nycpretty,-0.00890250734048
@thesteelemaiden,-0.00329547043705
@veronikaheilbrunner,0.0383597952837
@oliviapalermo,0.0110733457618
@luckymagazine,-0.00736955076414
@katherinepower,-0.0062317474758
@ellemagazine,0.0241495643419
@beau_nelson,0.0112940949661
@makenicefashion,-0.0291730543992
@marimariamakeup,-0.0198837225545
@shynnz,0.0407029269186
@mylittleamsterdam,0.0490817997101
@pausethemoment,-0.0052336171991
@phillystylezine,-0.00171119901153
@foxyzingaro,0.00859112280216
@brightonkeller,0.0151811219017
@farahdhukai,-0.0120666689405
@kimbotlay,0
@teenvogue,0
@jujujuxiaowen,0
@makeupmatthew,0
@morgancolsen,0
@theaugustdiaries,0
@stellamccartney,0
@styleontarget,0
@marieclaire,0
@kleidsam,0
@constellation_ox,0
@theglamourai,0
@alicia_janee,0
@mitchellbelk,0
@talisa_sutton,0
@miraduma,0
@captaindata_s,0
@jesskeys_,0
@rihanna,0
@dippednyellow,0
@miamigrams,0
@officialrushhairbeauty,0.0121918577609
@andreasweinas,0.0122583929369
@francesmayshop,-0.0158815492363
@leaf1982,0
@nikitadobrynin,0
@jacquelinetylerpr,0.00154345362557
@witblog,0.00727071062465
@olivercheshire1,0
@indiaroseco,0.0179863973349
@beingtomfarrelly,0
@mattiasswenson,0.0264189281462
@allessiolr,0
@canadanightlife,-0.00921986483571
@aspinaloflondon,-0.0296588234145
@allsaints,-0.000688531164691
@wgsn,0.00145790352006
@yelpbpb,-0.010174869144
@stylistainsider,0.0067871559605
@md,0
@timothyfelix,0.00969740919878
@yonipai,0.00362050763059
@beasofbloomsbury,0.0118230262609
@ianmcrumm,0.0120523965748
@rebeccaminkoff,-0.00464073037195
@psimadethis,0.00421214368291
@abowlofweiss,0.00825280158492
@lorealmakeup,-0.0033305489262
@emilyanngema,0
@kelawalker,0.0117749188184
@bof,-0.0116933656554
@stylesista,0
@tamumcpherson,0.0195610784166
@getgirlshair,0.0273109203845
@ootdmodels,0.0266481873924
@nickwooster,-0.0119027824331
@cntraveler,0.000695378391623
@fashionista_com,-0.000314555534124
@lilfashionisto,0.0149445662905
@mariesbazaar,0.0167364093483
@aveda,-0.0144696175781
@akosua__vee,0
@y,0
@chantsy,0.00218583956176
@jolyonevattbexon,0
@jamesdemolet,0.0134499030596
@yazthespaz89,0.0253482587632
@fhatuwanimukheli,-0.0020536835096
@ootdgoalsz,0.00597809144269
@spottedsf,0.00648854303523
@camtyox,0
@showstudio_nick_knight,0
@basebodybabes,-0.00449885474608
@samanthawills,0.0223323957914
@tastefortlauderdale,-0.00509552952658
@bandizstudio,-0.0222258468259
@imchanism,0.0152174695522
@christophe_w,-0.00242883384672
@candyshopvintage,-0.00505667475953
@anoukyve,0.00861644265604
@dazedmagazine,-0.00558920640369
@darlingbedaring,0.00657495802272
@typhaineagusto,0
@jennifer_heater,0.00859068585998
@renee_kemps,0.00449079668936
@raniadabaghjewelry,0
@jameskaliardos,0.00659206374743
@david_tipping,-0.00270474398267
@suburbanblues,0.0217789341037
@feeeeya,0.0123418760734
@bano_eemee,0.010212384821
@jezra_m,-0.0185047284431
@fash_rev,-0.00198228201259
@justjordan_ie,0
@debrabarraud,0.0143246122921
@mohegansun,0.0195580281619
@leahkim,0.00202141643181
@jc_jonathancheung,-0.00689350772845
@ninaerin18,-0.0052202473078
@richard_hannes,0
@chroniclesofher_,-0.0193265143242
@agathavpw,0.00940955465756
@sirrpaul,0.00221986134205
@sylviahaghjoo,-0.00493833296134
@mrphilgreen,0.00101160254876
@korm87,0.00286843757766
@marlenemartien,0.0645225725518
@inspiringwit,-0.00210523721373
@photographybydw,0.00297611194951
@elleiconlee,-0.00181703374953
@sugarandcloth,0.00274473765921
@glitterandgingham,-0.0221456124171
@louisepando,0
@zelieforshe,0.00440642157346
@styletomes,0.000783762484357
@giizeleoliveira,0.0149092351975
@maryorton,0.00283881882614
@grind,-0.00327396074923
@stevenonoja,0.0061001134435
@atkinjen,0
@joannahillman,0.00332004547027
@designerrabbi,0
@guerreisms,0.0209006644814
@emiliamuartist,-0.0120617575998
@rogueminx,-0.00659157787449
@fashionbandwagon,0
@bpcmpr,0
@kaadiki,0.00545996609486
@sabrinasikora,0.0294864244659
@bitchesbeglutenfree,0.0294761190899
@goldwilldigger,0.00728775164939
@lisadengler,0.00943230029785
@pinklip,0.00352433234317
@fashionmodelsz,0.00434016365423
@ejsamson,0.0147344581922
@constellation_xo,-0.00603874371085
@townandcountry,0
@_classy_gorgeous_,0.00103240212852
@fashionbombay,-0.00482723560214
@tahsinbln,-0.0111009169483
@bartsboekje,0.0241038630946
@timesfashion,-0.0105655910496
@tmagazine,-0.00292264779866
@adieushoes,0.0211704319451
@tgosingtian,0.0103134515332
@garnerstyle,0.0117083079821
@officialalt,0
@buzzfeedceleb,0.019775550278
@fran_t,-0.00678637036459
@chanel,0.01915320991
@clairesulmers,-0.00118976108275
@voguemagazine,-0.0069573706784
@aliencreature,0.0299543366859
@ashrod,-0.0100007051062
@baddiebey,0
@samhorine,0.0289450003294
@erikamyfreechoice,0
@mararomrraro,-0.00248235583108
@popxodaily,0.0133343031851
@edroste,0.0164793798898
@jaclynnbrennan,-0.00808624629624
@ahmedabdelr,-0.00259548051484
@charisma_monroe,-0.00866230035842
@k.els.e.y,0.00190275510146
@timasfashion,0.0233532846344
@blackbymariasilver,0.00646400334436
@armando_cabral,-0.0103031525394
@kevinbeltran,-0.00111909124139
@spunkyrealdeal,0
