@letshoppingwithme,881.8193684
@ohmiloveit,802.016287
@alyssajewellerydesign,794.8181475
@hipstercrewau,771.8744402
@make_up_fashion_07,751.1079951
@youmnaelshafeiy_makeupartist,748.1877414
@jlushdiaries,730.2638463
@dressvoice_yourvoice,704.6279325
@saraglamgirl,697.9345341
@mimitrend,625.7034324
@mahirisareesuk,619.6443859
@cristianocalzature,612.523329
@cindiddy,554.0093259
@pankaj_j_barua,519.1085661
@the.in.vogue,508.8375265
@saekotakahashi1122,497.0050425
@mariawathne,485.6826348
@toasty_a,450.117114
@karenbritchick,431.6624985
@fashiionpage,365.1657081
@larisacostea,363.9436848
@superwowomg,347.2934606
@superwowomg,347.2934606
@patilrad,347.2331595
@maitry_coolgirl95,309.5095946
@char1es,304.3533294
@dressingoutsidethebox,304.1301217
@pic_pixie,289.5501753
@youallover,279.886487
@rimmelforrommel,272.4302102
@jeffvanleeuwen_imaging,268.4267384
@_lxxkbxxk_,236.4548536
@laviedepera,233.0029807
@melynnlipstick,228.4205302
@thisthingcalledfashionn,227.1725358
@vnikali,217.8878201
@bloggerphotographer,215.6970274
@glamobserver,210.3921311
@veronikaheilbrunner,193.4621233
@thefashionguitar,180.341837
@cruzortizart,180.1726856
@stylelushtv,167.6151471
@curvesandchaos,165.435749
@manicure_planet,163.6834153
@meganrunionmcr,162.69521
@klasse14,155.1237395
@imaynotbefromla,153.9094137
@lovelypepa,149.8716339
@juliahengel,147.4373299
@juliahengel,147.4373299
@hamishbowles,146.5341873
@mishael_marcia,130.3879697
@makeupgeelong,126.9085623
@arni_coraldo,126.2875592
@thebalibible,123.8339052
@kattanita,123.8199893
@kattanita,123.8199893
@thewanderlister,120.0207691
@bengum,119.0019175
@onelovephotogsatx,102.7074543
@thesdcowgirl,99.21656956
@mapasekamokwele,98.25843595
@kasakosa_homeware,93.18816315
@marthaward,92.50576634
@shop.style.snap,82.58695977
@blamefashion,75.73836476
@eppcoline,75.73591829
@ninarobinsonnyc,75.23848816
@hansvats,74.31120834
@bydvnlln,73.43346809
@styleitwithtrix,69.45998739
@giovane_gentile,67.02847487
@aabbyylou,65.53311237
@pinklemonincrystal,65.31204636
@blaireadiebee,64.60861307
@blaireadiebee,64.60861307
@makemylemonade,63.99713843
@sabrinasikora,63.43309406
@spurscoyote,60.9730151
@christingc,60.13887632
@michellemquinn,59.53523062
@kaitlinkkeegan,59.30483271
@dressyourguests,57.18979577
@littlemissfearlessblog,55.95294324
@ulimali,55.25626381
@trulymds,55.18969197
@bat_gio,54.54421956
@naijayarnz,53.55782382
@danceinmycloset,49.58379341
@adenorah,49.44668864
@nausheenshah,49.05150789
@lilfashionisto,47.39288457
@lilfashionisto,47.39288457
@justinliv,46.31700135
@anoukyve,44.51799165
@plumpbabydoll,44.18222185
@urbansanantonio,43.56004374
@zinafashionvibe,41.45756319
@mertalas,41.33136222
@itsmekellieb,40.398859
@alixcherry,39.79517495
@lphotographie,36.42533781
@chase,36.36593577
@matthewzorpas,36.20059065
@michalexcc,35.47985391
@cleofernandes,33.202389
@april_ancira,31.16810935
@chef_balqees,30.84998051
@popbee,30.31577865
@chamoycitylimits,29.80000088
@truelane,29.60945997
@retroflame,29.56488281
@retroflame,29.56488281
@casadecosmo,29.28987064
@riddhima_kollare,28.83315858
@camrindengel,28.44977187
@charlesmostoller,27.14529027
@teerwayde,26.73900355
@marianodivaio,26.6941237
@marianodivaio,26.6941237
@songofstyle,25.9387908
@songofstyle,25.9387908
@nanysklozet,24.50929417
@thefrugality,24.2595121
@thefrugality,24.2595121
@coastaldotcom,23.96195425
@camera_man1973,23.45356084
@thassianaves,23.38977564
@storyofyourday,22.38971798
@hellofashionblog,22.32574135
@withwonderandwhimsy,21.80534944
@taylortippett,20.6011261
@lonestarsouthern,20.31145765
@helenabordon,20.24016869
@mduenasjacobs,20.0059181
@fidm,19.66055502
@giusyadriano,19.6505644
@cosmopolitan,19.50249354
@deck_sotto,18.91226227
@the_salty_blonde,18.22819809
@kobi_jae,17.70186283
@zannarassi,17.39132145
@lenaperminova,16.94153213
@brooklynblonde1,16.15317892
@misvincent,15.51984737
@privategg,15.43295789
@mirandakerr,14.51865901
@girlwithcurves,14.4286856
@miraduma,14.32934223
@karatapangan,14.247613
@amivitale,13.96579625
@yara_michels,13.70671334
@myshowroomblog,13.68959947
@colt_wrangler,13.66839888
@jesse_burke,13.53606595
@zanitazanita,13.35345146
@jaredragland,13.23279248
@mariesouthardospina,13.06242703
@tommyton,13.05723624
@soniaeryka,11.88907492
@soniaeryka,11.88907492
@street_style_paris,11.41121077
@johnstanmeyer,11.27162735
@kotsy_,11.20305056
@fredrdgz,11.18874197
@fredrdgz,11.18874197
@racquelnatasha,10.91330936
@oliviakijo,10.66114033
@flagship_boutique,10.61673391
@mcarthurjoseph,10.52258005
@meltjoeng,10.01455836
@rvcjinsta,9.942347397
@igsanantonio,9.648141073
@kenzasmg,9.54016467
@bulgakovalife,9.520450029
@mattslaby,9.499259544
@happilygrey,9.038180113
@mkoesnadi,8.806793281
@reallykindofamazing,8.578183058
@theglobalgirl,8.47643337
@theglobalgirl,8.47643337
@oh_anthonio,8.280111951
@thenativefox,8.024665537
@mariannnan,7.72541029
@walkinwonderland,7.641025874
@littleblackboots,7.567173343
@leblogdebetty,7.564966996
@gigihadid,7.349214304
@fullerfigurefullerbust,7.2612637
@thriftsandthreads,7.118091677
@fashiondesfemmes,7.013914365
@thefashionlotus,6.994158984
@feralcreature,6.831648811
@sacross,6.534132212
@aylinstudiio,6.494715719
@ngoldenberg,6.46087498
@nanciemwai,6.4229916
@nanciemwai,6.4229916
@tokyobanhbao,6.230009919
@trineswardrobe,6.138735369
@kittehinfurs,5.736647952
@evanrossell,5.442761209
@christophschaller,5.276022631
@shewearsfashion,4.555711444
@dapperlou,4.513798328
@smitashaofficial,4.475901614
@troprouge,4.444451298
@belebenard,4.313342384
@kendrickbrinson,3.971945466
@thelsd,3.403004755
@krystalschlegel,3.3094535
@chicityfashion,3.127026688
@mattcrump,2.937362512
@ilanusglazer,2.861377904
@itsnotthatdeep,2.786213542
@racheletnicole,2.747071123
@racheletnicole,2.747071123
@bettyautier,2.706734245
@lusttforlife,2.662087944
@twitter,2.622229683
@chiaraferragni,2.491654938
@xandervintage,2.461833014
@damselindior,1.943513005
@rozalia_russian,1.940989209
@timlampe,1.879470303
@princepelayo,1.844731627
@rozalia.com.au,1.584127713
@caradelevingne,1.427139052
@mrantooine,1.427139052
@thatgirlbrig,1.427139052
@careergirldaily,1.293811909
@liamakrigeni,1.180534574
@alicezielasko,0.968847116
@frassyaudrey,0.966474615
@frassyaudrey,0.966474615
@alealimay,0.951623415
@nicolettemason,0.261316194
@epiclylaterd,0.261316194
бн,0
