14 Fashion Blogs to Follow in 2017 - Best Street Style and Fashion ...,http://www.harpersbazaar.com/fashion/street-style/g3957/best-blogger-instagrams/
The 20 Most Influential Personal Style Bloggers: 2016 Edition ...,http://fashionista.com/2016/03/style-bloggers-2016
Top 20 Fashion bloggers' Instagrams,http://hollieturner.tumblr.com/top20fashionbloggers
Stylish People to Follow on Instagram | POPSUGAR Fashion,http://www.popsugar.com/fashion/Stylish-People-Follow-Instagram-35182066
Top Fashion Bloggers on Instagram to Follow in 2016 - theFashionSpot,http://www.thefashionspot.com/style-trends/668547-top-fashion-bloggers-on-instagram/
15 Fashion Bloggers to Follow on Instagram - Best Fashion Blogs,http://www.marieclaire.com/fashion/a16668/fashion-bloggers/
10 Instagram Accounts to Follow for Budget-Friendly Inspiration | The ...,http://theeverygirl.com/10-everygirl-instagram-accounts-to-follow
29 Fashion Bloggers to Follow on Instagram - | more.com,http://www.more.com/fashion/styling-tips/29-fashion-bloggers-follow-instagram
CHRISTINE ANDREW (@hellofashionblog) ? Instagram photos and ...,https://www.instagram.com/hellofashionblog/?hl=en
#fashionblogger ? Instagram photos and videos,https://www.instagram.com/explore/tags/fashionblogger/
The Fashion Bloggers With the Most Outrageous Instagram Followings ...,http://www.whowhatwear.com/most-instagram-followers-fashion-bloggers
How to Make Money on Instagram as a Fashion Blogger,http://www.thepennyhoarder.com/fashion-bloggers-make-money-on-instagram/
Instagram-Only Fashion Bloggers - Refinery29,http://www.refinery29.com/2015/05/87512/instagram-only-fashion-bloggers
fashion blogger (@dominikamakarova) ? Instagram photos and videos,https://www.instagram.com/dominikamakarova/?hl=en
KIDS FASHION BLOGGER aus (@kidsfashionblogger) ? Instagram ...,https://www.instagram.com/kidsfashionblogger/?hl=en
Margaret Zhang 梒覽 (@margaret__zhang) ? Instagram photos and ...,https://www.instagram.com/margaret__zhang/?hl=en
How to Take the Perfect Instagram: Tips from Fashion Bloggers ...,http://www.instyle.com/news/how-take-perfect-picture-instagram-fashion-blogger-tips
"MrsCasual | Instagram Fashion Blogger | Teacher, Mom, Women's ...",http://mrscasual.com/
How To Style Instagram Photos Like a Blogger - StyleCaster,http://stylecaster.com/how-to-style-your-instagram-photos-like-a-blogger/
1000+ ideas about Fashion Blogger Instagram on Pinterest | Floral ...,https://www.pinterest.com/explore/fashion-blogger-instagram/
The best fashion people to follow on Instagram - The Telegraph,http://www.telegraph.co.uk/fashion/people/the-best-fashion-people-to-follow-on-instagram/
Secrets of a professional Instagrammer | Fashion | The Guardian,https://www.theguardian.com/fashion/2016/mar/02/instagram-professional-instagrammer-blogger-filter
7 Fashion Blogger Outfit Ideas to Try From Instagram This Week - Yahoo,https://www.yahoo.com/style/7-fashion-blogger-outfit-ideas-144407546.html
6 London Fashion Bloggers To Follow On Instagram - Culture Trip,https://theculturetrip.com/europe/united-kingdom/england/london/articles/top-6-london-fashion-bloggers-on-instagram/
Instagram Take Over with Pregnant Fashion Blogger Michelle Quinn,http://www.seraphine.com/us/blog/2016/12/instagram-michelle-quinn/
Fashion Blogger publishes our photos on instagram with filters ...,https://www.dpreview.com/forums/post/57976657
The Top 100 US Female Fashion Bloggers to Follow on Instagram ...,https://www.aransweatersdirect.com/blogs/blog/46644481-the-top-100-us-female-fashion-bloggers-to-follow-on-instagram
NYFW Instagram Takeover! Fashion Blogger @xandervintage - Coastal,https://www.coastal.com/thelook/nyfw-instagram-takeover-fashion-blogger-xandervintage/
"Meet the King's fashion blogger with over 12,000 Instagram followers",http://thetab.com/uk/kings/2016/11/16/meet-the-kings-fashion-blogger-with-over-12000-instagram-followers-10260
Style by Kaur Sikh turbaned fashion blogger taking Instagram by storm ...,http://www.dailymail.co.uk/femail/article-3845692/Style-Kaur-Sikh-turbaned-fashion-blogger-taking-Instagram-storm.html
Instagram Plugins for Fashion Bloggers - Fashion Blogger,http://fashionblogger.rocks/instagram-plugins-for-fashion-bloggers/
Song of Style | A Fashion & Interior Design Blog,http://www.songofstyle.com/
Sikh Fashion Blogger Is Taking Over Instagram In A Turban | In Progress,http://www.oxygen.com/blogs/sikh-fashion-blogger-is-taking-over-instagram-in-a-turban
The Best Fashion Bloggers To Follow On Instagram In 2016 | Fashion ...,http://lifestyle.one/grazia/fashion/industry/best-fashion-bloggers-follow-instagram-2016/
Girl Follows and Copies Gypsea Lust Travel Blogger's Instagram ...,http://www.teenvogue.com/story/instagram-blogger-copy-cat
Thrifts and Threads | LA Style Blogger,http://www.thriftsandthreads.com/
Hello Fashion,http://www.hellofashionblog.com/
Fashion Blogger? Here's How To Increase Your Instagram Following ...,http://blog.exitbee.com/fashion-blogger-heres-increase-instagram-following/
Fashion Bloggers To Follow On Instagram | Style - House of LUX,http://www.houseoflux.co.in/article/1000004425/the-top-5-fashion-bloggers-to-follow-on-instagram
How to Grow Your Instagram Following - 10 Tips from a Fashion Blogger,http://www.accordingtoblaire.com/how-to-grow-your-instagram-following-10-tips-from-a-fashion-blogger/
TOP 10 FASHION BLOGGERS IN LOS ANGELES - Locale Magazine,http://localemagazine.com/fashion-bloggers-in-los-angeles/
LivvyLand | Austin Fashion & Lifestyle Blogger | Austin Fashion and ...,http://livvyland.com/
7 Fashion Blogger Outfits To Copy From Instagram This Week,https://www.msn.com/en-sg/lifestyle/fashion/7-fashion-blogger-outfits-to-copy-from-instagram-this-week/ss-AAj3BAj
15 Instagram Tips for Small Business Owners from a Fashion Blogger ...,https://www.paymash.com/en/15-instagram-tips-small-business-owners-fashion-blogger/
16 Life-Changing Instagram Tips From Fashion Blogger Margaret Zhang,http://www.buzzfeed.com/gyanyankovich/teach-us-how-to-flat-lay
The most popular photos on Instagram of the fashion blogger of 2016,http://www.glamobserver.com/popular-photos-instagram-fashion-blogger-2016/
So Heather | Dallas Fashion Blogger,http://soheather.com/
"Hashtags for #fashionblogger in Instagram, Twitter, Facebook, Tumblr ...",https://top-hashtags.com/hashtag/fashionblogger/
9 Fashion Blogger Instagrams That Will Inspire Your Vacation Style ...,http://visual-therapy.com/blog/9-fashion-blogger-instagrams-that-will-inspire-your-vacation-style/
7 Secrets to Becoming a Successful Fashion Blogger | WhoWhatWear ...,http://www.whowhatwear.co.uk/how-to-become-a-blogger
Instagram Roundup! - Lyndi In The City | Fashion Blogger ...,http://www.lyndiinthecity.com/instagram-roundup/
Fashion bloggers and photographers on how to take perfect Instagram ...,https://qz.com/458527/fashion-bloggers-and-photographers-on-how-to-take-perfect-instagram-pictures-every-time/
akun instagram fashion blogger indonesia - Staples,http://www.staples.com/akun+instagram+fashion+blogger+indonesia/directory_akun+instagram+fashion+blogger+indonesia
Top 10 fashion bloggers to follow on Instagram,http://fashion.hellomagazine.com/fashion-news/201503273161/top-10-fashion-bloggers-to-follow-on-instagram/
Top 25 Blogger profiles at Instagram | LinkedIn,https://www.linkedin.com/title/blogger-at-instagram
Leanne Lim-Walker Fashion Blogger - Instagram feed | Facebook,https://www.facebook.com/leannelimwalkerblogger/app/267091300008193
"Fashion blogger who gets paid $15,000 for a single Instagram post ...",http://www.businessinsider.com/fashion-blogger-who-gets-paid-15000-for-a-single-instagram-post-2015-5
The Blogger's Guide To Building An Instagram Community,http://howtomakemyblog.com/instagram/
"Fashion blogger lifts the lid on Instagram payments revealing ?64,000 ...",http://www.independent.co.uk/life-style/fashion/news/fashion-blogger-lifts-the-lid-on-instagram-payments-revealing-64000-fees-per-post-10266629.html
I Tried Living My Life Like Every Fashion Girl on Instagram Ever - xoJane,http://www.xojane.com/fashion/live-like-an-instagram-fashion-girl
Pocket Blogger: Fashion: - Page 113 - Google Books Result,https://books.google.com/books?id=eLWyCAAAQBAJ&pg=PA113&lpg=PA113&dq=instagram+fashion+blogger&source=bl&ots=e7kWf0k9xd&sig=mv6CKKAaJofDt-n7fgZLfTSGvns&hl=en&sa=X&ved=0ahUKEwjbovCMqPPRAhVFabwKHXDHBvo4PBDoAQg2MAQ
17 Plus-Size Fashion Blogger Instagram Accounts To Follow | Gurl.com,http://www.gurl.com/2015/11/16/plus-size-fashion-blogger-instagram-accounts-to-follow-now/
Bloom {Into Beautiful}: Follow Friday: Four Fashion Blogger Instagram ...,http://www.bloomintobeautiful.com/2016/11/follow-friday-four-fashion-blogger.html
Top 10 Fashion Blogger Instagram 每 cocorosa,http://cocorosa.com/2013/01/top-10-fashion-blogger-instagram.html
Le 10 fashion blogger italiane da seguire su Instagram - Modescope,http://www.modescope.com/blog/le-10-fashion-blogger-italiane-da-seguire-su-instagram/
The Amount of Money Bloggers Make for One Instagram Will Make ...,http://www.cosmopolitan.com/style-beauty/fashion/news/a52025/blogger-money-report/
The Amount of Money Bloggers Make for One Instagram Will Make ...,http://www.cosmopolitan.com/style-beauty/fashion/news/a52025/blogger-money-report/
The Instagram Habits of Mega-Popular Fashion Bloggers | IFB,https://heartifb.com/2013/01/17/the-instagram-habits-of-mega-popular-fashion-bloggers/
12 Ways to Spot a Fashion Blogger on Instagram (Part One),http://www.slideshare.net/soapcreative/12-ways-to-spot-a-fashion-blogger-on-instagram-part-one
These Are The Most Popular Fashion Blogger Outfits On Instagram ...,http://www.m2woman.co.nz/11-most-popular-fashion-blogger-outfits-instagram-right-now/
Sarah Jessica Parker Defends Her Met Gala Look After Being ...,http://www.eonline.com/news/761979/sarah-jessica-parker-defends-her-met-gala-look-after-being-criticized-by-fashion-blogger-on-instagram
Meet the Indian-Singaporean fashion blogger who took on Instagram ...,http://www.sbs.com.au/topics/life/culture/article/2016/06/09/meet-indian-singaporean-fashion-blogger-who-took-instagram-and-won
How Instagram Turned a Fashion Blogger's Passion into a Multifigure ...,http://www.huffingtonpost.com/melissa-mushaka/how-instagram-turned-a-fa_b_8434152.html
10 Chic Style Bloggers to Dress Up Your Instagram Feed - Mashable,http://mashable.com/2014/01/12/instagram-style-bloggers/
15 Chic French Fashion Bloggers To Follow On Instagram - StyleBlazer,http://styleblazer.com/411556/vive-la-france-15-chic-french-fashion-bloggers-to-follow-on-instagram/
Calgary fashion blogger grows Instagram love into sponsors and ...,http://www.metronews.ca/news/calgary/2016/03/17/calgary-fashion-blogger-instagram-love-sponsors-business.html
Fashion blogger Rozalia Russian targeted in Instagram hacking and ...,http://www.smh.com.au/lifestyle/fashion/fashion-blogger-rozalia-russian-targeted-in-instagram-hacking-and-extortion-20160404-gnxm8g.html
Top 100 Style Bloggers: INSPIRED,http://www.top100style.com/
"Pink Peonies by Rach Parcell - A Personal Style, Beauty & Home Blog",http://pinkpeonies.com/
This fashion blogger uses a minimum of 3 apps to edit her Instagram ...,http://www.dailydot.com/irl/fashion-blogger-instagram-photo-editing/
This fashion blogger is winning Instagram and not for the reason you ...,http://www.aol.com/article/2015/08/21/this-fashion-blogger-is-winning-instagram-and-not-for-the-reason/21225927/
instagram fashion blogger - The Fashion Cuisine,http://www.thefashioncuisine.com/instagram-fashion-blogger/
Clothing and Fashion: American Fashion from Head to Toe [4 volumes]: ...,https://books.google.com/books?id=hDkVCwAAQBAJ&pg=RA3-PA273&lpg=RA3-PA273&dq=instagram+fashion+blogger&source=bl&ots=Va2xPe6svu&sig=4B5Wn_Phw-wFeGxhjKQIggCFlzk&hl=en&sa=X&ved=0ahUKEwiKw6anqPPRAhUDfLwKHYEkDuA4UBDoAQg8MAY
7 Photos on Every Fashion Blogger's Instagram | Style.com/Arabia,http://en.vogue.me/archive/fashion-bloggers-instagram-picture-themes-photo-styles-trends/
Brands Pay HOW Much For A Fashion Blogger Instagram? 每 Emigo,http://wp.nootheme.com/emigo/brands-pay-how-much-for-a-fashion-blogger-instagram/
The Blonde Salad,http://www.theblondesalad.com/
This Is How You Get Your Instagram Photos to Look like You're a ...,http://www.brit.co/fashion-blogger-photo-editing-tips/
Instagram Husbands - Real life Blogger Boyfriends | Glamour UK,http://www.glamourmagazine.co.uk/gallery/instagram-husbands-blogging-instagram-stars-open-letters
"Fashion Blogger Q&A Friday & Instagram ""Take Over!"" + Giveaway ...",http://dressyourguests.com/fashion-blogger-qa-friday-olia-love-olia/
How to edit your Instagram photos like a fashion blogger | London ...,http://www.standard.co.uk/lifestyle/london-life/how-to-edit-your-instagram-photos-like-a-fashion-blogger-a2479626.html
11 Instagram Accounts Of Desi Men That Prove Why Mens Fashion ...,http://www.mensxp.com/fashion/style-trends/27067-11-instagram-accounts-of-desi-men-that-prove-why-mens-fashion-blogging-in-india-is-here-to-stay.html
Meet The Hijabi Fashionistas Of Instagram: Chic Muslim Women ...,http://www.ibtimes.com/meet-hijabi-fashionistas-instagram-chic-muslim-women-share-their-modest-style-social-2178021
Italian Fashion Blogger Rising Stars on Instagram | - Le Guide Noir,http://www.leguidenoir.com/must-read/rising-stars-italy-october-to-november/
Top LA Fashion Bloggers To Follow on Instagram | Her Campus,http://www.hercampus.com/school/lmu/top-la-fashion-bloggers-follow-instagram
EXCLUSIVE: The Dirty Advertising Practices of the ... - The Fashion Law,http://www.thefashionlaw.com/home/aimee-song-lands-500k-beauty-deal-is-likely-violating-the-ftc-act-already
How fashion blogger Mariana Hewitt edits her Instagram photos ...,http://www.cosmopolitan.com.au/fashion/how-fashion-blogger-edit-instagram-photos-3597
"nyfw 2016, the most social shows from instagram of the fashion ...","https://imup.melely.com/en/blog/70-nyfw-2016,-the-most-social-shows-from-instagram-of-the-fashion-blogger-queens"
"23 Plus-Size Bloggers To Follow On Instagram, For All The Fashion ...",https://www.bustle.com/articles/39160-23-plus-size-bloggers-to-follow-on-instagram-for-all-the-fashion-food-and-beauty-inspo-you
Fashion Blogger We Wore What Made Six Figures For Sponsored ...,https://www.bustle.com/articles/84843-fashion-blogger-we-wore-what-made-six-figures-for-sponsored-instagram-posts-last-year-and-thats
ECSM2015-Proceedings of the 2nd European Conference on Social Media ...,https://books.google.com/books?id=VDU7CgAAQBAJ&pg=PA21&lpg=PA21&dq=instagram+fashion+blogger&source=bl&ots=D_WHzrzqsL&sig=yYM4EdwDqa46rEKmfkDIAcGp90Q&hl=en&sa=X&ved=0ahUKEwjq1YCxqPPRAhWG2LwKHQc0DiE4ZBDoAQgxMAQ
14 of the Best Apps to Raise Your Instagram Game - Hootsuite Blog,https://blog.hootsuite.com/best-video-instagram-apps/
Successful Fashion Blogger Reveals What it Takes to Create a Good ...,http://nextshark.com/successful-fashion-blogger/
edgy instagram fashion blogger starterpack - starterpacks - Reddit,https://m.reddit.com/r/starterpacks/comments/54ktoh/edgy_instagram_fashion_blogger_starterpack/
Who is Apneet? Bushwick Fashion Blogger Tells Us About Her Latest ...,http://bushwickdaily.com/bushwick/categories/fashion-and-shopping/2956-who-is-apneet-a-bushwick-fashion-blogger
Influencer Marketing For Dummies - Page 99 - Google Books Result,https://books.google.com/books?id=Wgj9CgAAQBAJ&pg=PA99&lpg=PA99&dq=instagram+fashion+blogger&source=bl&ots=TMILuwla4_&sig=ret3vmO7vn4Lp2_46JpfT7CWCYk&hl=en&sa=X&ved=0ahUKEwjq1YCxqPPRAhWG2LwKHQc0DiE4ZBDoAQhLMAk
"Meet Philly's very own Jewish fashion blogger, 'The Modest Mom ...",http://www.phillyvoice.com/meet-phillys-jewish-fashion-blogger-modest-mom/
Instagram's Most Popular Hotels Are Fashion Blogger每Approved ...,http://www.whowhatwear.com.au/most-popular-hotels-on-instagram-fashion-bloggers
Must-Follow Petite Fashion Bloggers on Instagram -Bomb Petite,http://bombpetite.com/follow-petite-fashion-bloggers-instagram/
How to be an Instagram Fashion Blogger: Interview with Mallory ...,http://shopemmajoy.com/blogs/emmajoy-blog/16161276-how-to-be-an-instagram-fashion-blogger-interview-with-mallory
INSTAGRAM FASHION BLOGGERS: 10 tips to take professional ...,http://fashionconnery.com/instagram-fashion-blogger-10-tips-to-take-professional-photos-for-instagram/
The Fancy Pants Report | San Francisco Fashion Blog -,http://thefancypantsreport.com/
Krystal Schlegel | Dallas Style Blog | Fashion Blogger,http://krystalschlegel.com/
Instagram of the Week: Fashion Blogger Daniela Ramirez of Nany's ...,http://remezcla.com/culture/instagram-of-the-week-fashion-blogger-daniella-ramirez-of-nanys-klozet/
15 Fashion Bloggers to Follow Now :: Style :: Lists :: Paste,https://www.pastemagazine.com/blogs/lists/2014/03/15-fashion-bloggers-to-follow-now.html
Look's Top 23 Fashion Blogs | Look,http://www.look.co.uk/fashion/looks-top-20-fashion-blogs-71998
Man Repeller,http://www.manrepeller.com/
10 Asian American Fashion Bloggers to Follow | Kollaboration.org,http://kollaboration.org/2926/10-asian-american-fashion-bloggers-to-follow/
The Sartorialist,http://www.thesartorialist.com/
"20 Top Fashion Bloggers, 2015 Edition - Mediakix",http://mediakix.com/2015/07/20-top-fashion-bloggers-2015/
Read: Meet the fashion blogger who makes $15000 per Instagram post,http://tribune.com.pk/story/891959/meet-the-fashion-blogger-who-makes-15000-per-instagram-post/
10 Hong Kong fashionistas to follow on Instagram - LifestyleAsia Hong ...,http://www.lifestyleasia.com/1028/10-hong-kong-fashionistas-to-follow-on-instagram-2/
"INSTAGRAM | UK Fashion Bloggers,Travel fashion blogger,Street ...",http://lailaloves.co.uk/instagram/
The Instagram account of Australian fashion blogger Rozalia Russian ...,"http://www.pcauthority.com.au/News/417951,the-instagram-account-of-australian-fashion-blogger-rozalia-russian-was-hijacked-by-an-american-hacker.aspx"
Fashion Person on Why Fashion Bloggers Are Ruining Fashion ...,http://www.racked.com/2014/7/15/7586637/fashion-blogger-instagrams-are-causing-people-to-hate-fashion
Aureta Thomollari Home - Fashion Blogger Closet Tour - Elle Decor,http://www.elledecor.com/design-decorate/interior-designers/a6097/aureta-thomollari-fashion-blogger-dc-home-closet/
How I Filter - We Wore What,http://weworewhat.com/interior/how-i-filter/
MEMORANDUM | NYC Fashion & Lifestyle Blog for the Working Girl ...,http://www.memorandum.com/
"Instagram #fashionblogger and images, videos and pictures",https://www.rupja.com/tag/fashionblogger
Gal Meets Glam - A San Francisco Based Style and Beauty Blog by ...,http://galmeetsglam.com/
13 local fashionistas making San Antonio their runway on Instagram ...,http://www.mysanantonio.com/lifestyle/trends-style/article/13-local-fashionistas-who-make-San-Antonio-their-6541100.php
"With Love From Kat // A Fashion, Beauty, and Travel Blog by Kat Tanita",http://withlovefromkat.com/
Instagram Fashion Blogger Kristina_Bor 每 Nicole Shoes,https://www.nicoleshoes.com/blogs/news/instagram-fashion-blogger-kristina_bor
Garance Dor谷,http://www.garancedore.com/
Pakistan's fashion scene through the Instagram of blogger Salima ...,http://www.glossy.co/platform-effect/pakistans-fashion-scene-through-the-instagram-of-blogger-salima-feerasta/
The Fashion Guitar,http://thefashionguitar.com/
A Clothes Horse,http://www.aclotheshorse.co.uk/
Barefoot Blonde by Amber Fillerup Clark -,http://www.barefootblonde.com/
SARA CASTRO RIVADENEIRA @idolldoll - Instagram Profile - FINE ...,https://socialmediafeed.me/ig/user/idolldoll
"Front Roe by Louise Roe | A Fashion, Beauty & Lifestyle Blog by ...",http://louiseroe.com/
Not Dressed As Lamb,http://www.notdressedaslamb.com/
Lonestar Southern | Dallas Fashion Blogger,http://lonestarsouthern.com/
"Fashion Bomb Daily Style Magazine: Celebrity Fashion, Fashion ...",http://fashionbombdaily.com/
"Fashion Bomb Daily Style Magazine: Celebrity Fashion, Fashion ...",http://fashionbombdaily.com/
Lauren Conrad 每 The official site of Lauren Conrad is a VIP Pass ...,https://laurenconrad.com/
Advanced Style,http://www.advanced.style/
Could I Have That? | Personal Style Blog by Samantha Wennerstrom,http://www.couldihavethat.com/
Grace & Beauty - Fashion and Beauty Beauty Blog For Women Over 40,http://www.cyndispivey.com/
BLACK FASHION,http://blog.blackfashionmag.com/
Cupcakes & Cashmere,http://cupcakesandcashmere.com/
Aspyn Ovard - LIFESTYLE VLOGGER & BLOGGER,http://aspynovard.com/
BLEUBIRD -,http://bleubirdblog.com/
Hapa Time,http://www.hapatime.com/
Carefree ( @omq.its.bacon ) Instagram Photos and Videos - pansta.net,http://pansta.net/PandaUserMedia/4044833554
Something Navy - By Arielle,http://somethingnavy.com/
Paris in Four Months,http://www.parisinfourmonths.com/
Explore Instagram ladybags photo and video hashtag - Twaz,http://twaz.org/hashtag/ladybags
Where Fashion Blogging Began - The New York Times,https://www.nytimes.com/2017/02/01/fashion/fashin-where-fashion-blogging-began.html
Mariannan -Mariannan,http://mariannan.indiedays.com/
"The Cut 每 Fashion, Beauty, Politics, Sex and Celebrity",http://nymag.com/thecut/
Disney Style | Official Site,https://style.disney.com/
"My Style Pill - New York personal stylist, wardrobe consultant, blogger ...",http://www.mystylepill.com/
The College Prepster -,http://www.thecollegeprepster.com/
Collage Vintage,http://www.collagevintage.com/
Instagram's Top Models Reveal What Life is Really Like Behind Their ...,http://resourcemagonline.com/2017/02/instagrams-top-models-reveal-what-life-is-really-like-behind-their-feeds/75161/
Meet the Fashion Blogger Who Earns $15k per Instagram Post (6 ...,http://www.alux.com/meet-the-fashion-blogger-who-earns-15k-per-instagram-post/meet-the-fashion-blogger-who-earns-15k-per-instagram-post-6/
"Kelly in the City - A Preppy Chicago Life, Style and Fashion Blog",http://kellyinthecity.com/
A Style Album | By Louise Redknapp & Emma Thatcher,http://www.astylealbum.com/
Kylie Jenner's Fringe Jumpsuit Is Causing Serious Fashion-World ...,http://www.seventeen.com/fashion/celeb-fashion/news/a44785/kylie-jenner-fringe-jumpsuit/
fashionBlogger photos and videos from social networks | Gramomania ...,http://gramomania.com/tag/fashionBlogger
"British Vogue | Fashion, Trends, Latest News, Catwalk Photos ...",http://www.vogue.co.uk/
ANDY HEART,http://www.andyheart.com/
The Little Magpie,http://www.thelittlemagpie.com/
@howaidadesigns instagram howaidadesigns #india#summer ...,http://gramlove.co/media.php?id=1441701201782878161_487738743
SierraShamiah instagram photos shamiah.fashion - instagram Profil ...,http://www.instagramcn.com/shamiah.fashion
Blair Eadie (@blaireadiebee) Instagram photo - <Savannah charm ...,https://grammio.com/en/blaireadiebee/BQB0Zd0ARCb/
"What Spending $57,000 on Instagram Taught Me - Quick Sprout",https://www.quicksprout.com/2014/10/22/what-spending-57000-on-instagram-taught-me/
How to Make Your Instagram More Stylish | POPSUGAR Fashion UK,https://www.popsugar.co.uk/fashion/How-Make-Your-Instagram-More-Stylish-42868630
Brittain Surgey: Blogger @brittain_surgey - Instagram Profile - mother ...,http://pixspot.xyz/index.php/brittain_surgey
"Fashion Blogger, The Chic Sheik, Discusses Their New Instagram ...",http://www.24-7pressrelease.com/press-release/fashion-blogger-the-chic-sheik-discusses-their-new-instagram-photo-contest-on-facebook-348718.php
Stitch Fix Style | Fashion Inspiration & Trends,https://blog.stitchfix.com/
Hot Fashion Blogger Instagram recap 每 Sunday Grumpday | Fashion ...,http://cocoetlavieenrose.com/hot-fashion-blogger/
11 Secrets To Becoming A Professional Travel Blogger ? Expert ...,https://expertvagabond.com/professional-travel-blogger/
"Kimberly on Twitter: ""#follow my #Instagram #fashion #blogger #music ...",https://twitter.com/kim_spiration/status/789237877196619782
That kinda week. #pressforchampagne #mood #clozette #starclozetter ...,http://www.clozette.co/community/browse/instagram-1441824617005343390-1429744653/lovebellavida
20 Best Fashion Blog & Magazine WordPress Themes 2017 - colorlib,https://colorlib.com/wp/best-fashion-blog-magazine-wordpress-themes/
Instagram Reacts to Riccardo Tisci's Departure From Givenchy 每 WWD,https://wwd.com/fashion-news/fashion-scoops/instagram-reacts-to-riccardo-tiscis-departure-from-givenchy-10775152/
Fashion Blogger?Maria Guerrero Instagram photos - thisishowwewearit,http://www.ipopam.com/thisishowwewearit
20 Aussie fashion bloggers you need to follow on Instagram,http://www.theweeklyreview.com.au/live/20-aussie-fashion-bloggers-you-need-to-follow-on-instagram/
Slide 475 - Instagram fashion blogger Danielle Bernstein earns 10 ...,http://money.bhaskar.com/news/MON-MARK-FORX-22-year-old-blogger-danielle-earns-10-lakh-from-instagram-latest-5002529-PHO.html?seq=475
Slide 1878 - Instagram fashion blogger Danielle Bernstein earns 10 ...,http://money.bhaskar.com/news/MON-MARK-FORX-22-year-old-blogger-danielle-earns-10-lakh-from-instagram-latest-5002529-PHO.html?seq=1878
Slide 918 - Instagram fashion blogger Danielle Bernstein earns 10 ...,http://money.bhaskar.com/news/MON-MARK-FORX-22-year-old-blogger-danielle-earns-10-lakh-from-instagram-latest-5002529-PHO.html?seq=918
Some Likes on Instagram | Channing in the City,http://www.channinginthecity.nyc/2013/12/10/some-likes-on-instagram/
Instagram's Most Popular Hotels Are Fashion Blogger每Approved ...,http://www.whowhatwear.com.au/most-popular-hotels-on-instagram-fashion-bloggers
Do-It-Yourself Fashion Thrives at the McCall Pattern Company - The ...,https://www.nytimes.com/2016/08/04/fashion/mccalls-pattern-company-sewing-do-it-yourself.html
The Most Popular Hashtags for Different Types of Bloggers -- Bloguettes,https://bloguettes.com/most-popular-hashtags-different-types-bloggers/
Sincerely Jules,http://sincerelyjules.com/
How To Be A Successful Fashion Blogger - Career Girl Daily,http://www.careergirldaily.com/how-to-be-a-fashion-blogger/
Top Five Fashion Bloggers you should follow on Instagram to get stylis,http://www.indiatvnews.com/photos/fashion-lifestyle-fashion-bloggers-instagram-341209
Why Your Favourite Blogger on Instagram is a Fraud | Dogs and ...,http://www.dogsanddresses.com/2014/08/why-your-favourite-blogger-on-instagram-is-a-fraud.html
a blog by Chriselle Lim,http://thechrisellefactor.com/
Kayture,http://www.kayture.com/
Call Me Sparkle Is The Most Adorable Little Fashion Blogger On ...,http://urbangyal.com/call-me-sparkle-is-the-most-adorable-little-fashion-blogger-on-instagram/
Call Me Sparkle Is The Most Adorable Little Fashion Blogger On ...,http://urbangyal.com/call-me-sparkle-is-the-most-adorable-little-fashion-blogger-on-instagram/
Fashion Blogger Bryanboy,http://www.bryanboy.com/
Everyone From Vogue to Style Bloggers is Cashing In on Your ...,http://www.racked.com/2014/6/17/7591969/instagram-social-media-online-shopping-liketoknowit
The Fancy Pants Report | San Francisco Fashion Blog -,http://thefancypantsreport.com/
Krystal Schlegel | Dallas Style Blog | Fashion Blogger,http://krystalschlegel.com/
How Chiara Ferragni's blog became an $8M business - CBS News,http://www.cbsnews.com/news/chiara-ferragni-fashion-blogger-became-8-million-dollar-business/
FASHION CONNERY 每 A style guide and the 1st fashion bloggers ...,http://fashionconnery.com/
Fashion blog - Wikipedia,https://en.wikipedia.org/wiki/Fashion_blog
Must-Follow Petite Fashion Bloggers on Instagram -Bomb Petite,http://bombpetite.com/follow-petite-fashion-bloggers-instagram/
Instagram of the Week: Fashion Blogger Julie Sari?ana | Culture ...,http://remezcla.com/culture/instagram-of-the-week-sincerely-jules-blogger-julie-sarinana/
The Brunette Salad 每 Fashion Blog,http://www.thebrunettesalad.com/
Shop Fashion Blogger Instagram Pics | Stylish 365 Australia,http://www.stylish365.com/2014/08/shop-fashion-blogger-instagram/
"Blank Itinerary - Paola Alberdi is a fashion influencer, stylist, designer ...",http://blankitinerary.com/
Shirley's Wardrobe | Fashion & Lifestyle Blog | By Shirley B. Eniang,http://shirleyswardrobe.com/
"Instagram Me: Charles Lam, fashion and Instagram blogger ...",http://www.lifestyleasia.com/441043/instagram-me-charles-lam-fashion-and-instagram-blogger/
A Pinch of Lovely - Fashion & Lifestyle Blog by Krystal Faircloth,http://www.apinchoflovely.com/
How to Instagram Like a Fashion Blogger - Fashion101.in,http://english.fashion101.in/news/FAS-BLOG-how-to-instagram-like-a-fashion-blogger-5142002.html
15 Fashion Bloggers to Follow Now :: Style :: Lists :: Paste,https://www.pastemagazine.com/blogs/lists/2014/03/15-fashion-bloggers-to-follow-now.html
Look's Top 23 Fashion Blogs | Look,http://www.look.co.uk/fashion/looks-top-20-fashion-blogs-71998
THE CUTE CHAOS - by Laura Kowohl | German Golf & Fashion Blogger,http://www.thecutechaos.com/
Garance Dor谷,http://www.garancedore.com/
Good Outreach vs. Bad Outreach from a Blogger's POV,http://www.seerinteractive.com/blog/good-bad-blogger-outreach-examples/
Convergence of Fashion and Travel Leads to Rise of Micro - Skift,https://skift.com/2016/05/31/convergence-of-fashion-and-travel-leads-to-rise-of-micro-influencers-on-instagram/
10 Asian American Fashion Bloggers to Follow | Kollaboration.org,http://kollaboration.org/2926/10-asian-american-fashion-bloggers-to-follow/
A Curious Fancy | Plus size fashion with a side of vintage,http://curiousfancy.com/
Instagram Beauty Blogger Archives | HAUTE HOUSE FLOWER,http://www.hautehouseflower.com/tag/instagram-beauty-blogger/
Early-Fall Instagram Roundup 〞 Fashion Blogger & Stylist - Edit by ...,http://www.editbylauren.com/blog//early-fall-instagram-roundup
"20 Top Fashion Bloggers, 2015 Edition - Mediakix",http://mediakix.com/2015/07/20-top-fashion-bloggers-2015/
She Wears Fashion - a fashion and lifestyle blog,http://www.shewearsfashion.com/
Read: Meet the fashion blogger who makes $15000 per Instagram post,http://tribune.com.pk/story/891959/meet-the-fashion-blogger-who-makes-15000-per-instagram-post/
modexlusive ? Ottawa Fashion and Curvy Style Blog,http://modexlusive.com/
Why Did Madonna Photoshop Her Head Onto the Body of This ...,http://bullettmedia.com/article/madonna-photoshop-head-onto-body-fashion-blogger-instagram/
Aureta Thomollari Home - Fashion Blogger Closet Tour - Elle Decor,http://www.elledecor.com/design-decorate/interior-designers/a6097/aureta-thomollari-fashion-blogger-dc-home-closet/
CARADISCLOTHED -,http://caradisclothed.com/
Fashion Forward: Social Media Strategy from a Fashion Blogger ...,https://socialmediaweek.org/chicago/2015/11/02/fashion-forward-social-media-strategy-from-a-fashion-blogger/
How to Gain a Massive Following on Instagram - Buffer Blog,https://blog.bufferapp.com/instagram-growth
"What Spending $57,000 on Instagram Taught Me - Quick Sprout",https://www.quicksprout.com/2014/10/22/what-spending-57000-on-instagram-taught-me/
"Seriously, Stop Pretending You Ate That -- The Cut",http://nymag.com/thecut/2014/05/seriously-stop-pretending-you-ate-that.html
"The Best Instagram Hashtags For Bloggers - Bonjour, Blogger! | UK ...",http://www.bonjourblogger.com/social-media/best-instagram-hashtags-bloggers/
Gal Meets Glam - A San Francisco Based Style and Beauty Blog by ...,http://galmeetsglam.com/
Top 40 Black Female Fashion Bloggers 每 Art Becomes You,https://artbecomesyou.com/2012/12/05/top-40-black-female-fashion-bloggers/
Inspiration Wednsday : Instagram Love | Instagram Inspiration | Style ...,http://styleovercoffee.com/inspiration-wednesday-instagram-love/
Ten Venezuelan fashion bloggers you should be following on Instagram.,http://clothesandfashion.net/ten-venezuelan-fashion-bloggers-you-should-be-following-on-instagram/
The Blogosphere Pays Off More Than Ever 每 WWD,http://wwd.com/business-news/media/chiara-ferragni-fashion-bloggers-money-make-income-millionaire-kristina-bazan-kylie-jenner-10306124/
Bonafide Fashion blogger featured on Claires UK instagram! 每 http ...,http://www.bonafide-supernova.com/2013/08/bonafide-fashion-blogger-featured-on-claires-uk-instagram/
Top Fashion blogger takes over our Instagram! 每 L Photographie Blog ...,http://lphotographie.com/blog/?p=21236
Ladies Who Laptop: Chatting With Fashion Blogger Julia Engel of Gal ...,https://laurenconrad.com/blog/2016/08/ladies-who-laptop-chatting-with-fashion-blogger-julia-engel-of-gal-meets-glam/
Paying for Instagram Sponsored Posts: How much is too much ...,http://www.prcouture.com/2015/09/much-spend-instagram-sponsored-post/
The Instagram account of Australian fashion blogger Rozalia Russian ...,"http://www.pcauthority.com.au/News/417951,the-instagram-account-of-australian-fashion-blogger-rozalia-russian-was-hijacked-by-an-american-hacker.aspx"
#NAME?,http://www.amintaonline.com/
Size-28 Fashion Blogger Hits Out at 'Trolls' who Body Shamed Her,http://people.com/bodies/size-28-fashion-blogger-hits-out-at-trolls-who-body-shamed-her/
MEMORANDUM | NYC Fashion & Lifestyle Blog for the Working Girl ...,http://www.memorandum.com/
Fashion Is My Forte - How To Instagram Like A Fashion Blogger on ...,https://vimeo.com/155340729
Simply Sona - Beauty and Fashion Blogger Los Angeles,http://simplysona.com/
Fashion-Isha,http://www.fashion-isha.com/
"Curves and Confidence - a blog about fashion, fitness and female issues",http://curvesandconfidence.com/
This Instagram Page Gives Chic Ankara Style Inspiration - StyleVitae,http://www.stylevitae.com/instagram-page-gives-chic-ankara-style-inspiration/
HOME - Winston & Willow | New York City fashion blogger,http://winstonandwillow.com/
Style Inked - Indian Fashion Blog| DIY Blog,http://styleinked.com/
The Small Things Blog,https://www.thesmallthingsblog.com/
Instagram Photographers to Follow in All 50 States | TIME,http://time.com/instagram50/
CzechChicks | CzechChicks style magazine,http://www.theczechchicks.com/
Sequins & Things | Fashion & Lifestyle Blog Based in Florida,http://sequinsandthings.com/
DES & JEN - fashion & lifestyle blog,http://www.desjen.com/
The Teacher Diva: a Dallas Fashion Blog featuring Beauty & Lifestyle,https://www.theteacherdiva.com/
"Instagram #fashionblogger and images, videos and pictures",https://www.rupja.com/tag/fashionblogger
mireniriondophotographie: Top 10 Fashion Blogger Instagram,http://mireniriondophotographie.blogspot.com/2013/01/top-10-fashion-blogger-instagram.html
The 19 Fashion Blogger Instagrams To Follow Now,http://www.harpersbazaar.com.sg/39182/the-19-fashion-blogger-instagrams-to-follow-now/
"Fashion Bloggers, the Perfect Example of Influencer Marketing ...",http://www.thismoment.com/content-marketing-blog/fashion-bloggers-perfect-example-influencer-marketing-potential/
Top Vegan Fashion Blogger Instagram To Follow in 2016 - Address Chic,http://www.addresschic.com/best-vegan-fashion-bloggers/
"Lord & Taylor Got 50 Instagrammers to Wear the Same Dress, Which ...",http://www.adweek.com/news/advertising-branding/lord-taylor-got-50-instagrammers-wear-same-dress-which-promptly-sold-out-163791
Oh So Glam - A Personal Style & Beauty Blog by Christina ...,http://www.ohsoglam.com/
Comme Coco - Top DC Lifestyle and Photography Blog,http://www.commecoco.com/
Top 10 Spanish fashion bloggers | LOUD,http://www.loudbarcelona.com/top-10-spanish-fashion-bloggers/
Mens Fashion Blog - Most Stylish Australian Influencers on Instagram ...,http://thesimplegentleman.com/voted-stylish-australian-inflencer-instagram-blogger/
Style and Statistics: The Art of Retail Analytics,https://books.google.com/books?id=OnORDQAAQBAJ&pg=PA42&lpg=PA42&dq=instagram+fashion+blogger&source=bl&ots=0QtmDG7Le_&sig=67S5CB9fw-lRqvXfnprBWt9hcJ4&hl=en&sa=X&ved=0ahUKEwjnrYGmqfPRAhULslQKHZUgDhk4mAIQ6AEIOjAF
The Mysterious Egyptian Fashion Blogger Is the New Best Thing on ...,http://scoopempire.com/mysterious-egyptian-fashion-blogger-new-best-thing-instagram/
"With Love From Kat // A Fashion, Beauty, and Travel Blog by Kat Tanita",http://withlovefromkat.com/
10 Instagram Accounts with Endless Outfit Inspiration - Lux & Concord ...,http://www.luxandconcord.com/10-instagram-accounts-endless-outfit-inspiration/
Sponsored Instagram posts is a fashion blogger's income. - Mamamia,http://www.mamamia.com.au/sponsored-instagram-posts/
Fashion Blogger 'Song of Style' Shares Tips On Good Instagram Pics,http://www.talkingwithtami.com/fashion-blogger-song-style-shares-tips-good-instagram-pics
13 local fashionistas making San Antonio their runway on Instagram ...,http://www.mysanantonio.com/lifestyle/trends-style/article/13-local-fashionistas-who-make-San-Antonio-their-6541100.php
Die besten Instagram-Accounts: Top 10: Diese Fashionistas solltet ihr ...,http://www.tonight.de/duesseldorf/news/tonight-s-fashion/die-besten-instagram-accounts-top-10-diese-fashionistas-solltet-ihr-bei-instagram-abonnieren.987735
Instagram Fashion Blogger Kristina_Bor 每 Nicole Shoes,https://www.nicoleshoes.com/blogs/news/instagram-fashion-blogger-kristina_bor
10 Chicago Instagram Accounts You Should Follow - Make It Better ...,https://makeitbetter.net/better-you/10-chicago-instagram-accounts-you-should-follow/
How to take Instagram photos like a lifestyle blogger - Well+Good,https://www.wellandgood.com/good-advice/how-to-take-instagram-photos-like-a-lifestyle-blogger/
Take flight - one-on-one with instagram fashion blogger @ldn2hk ...,http://www.fashionmovesforward.com/magazine/fashionmovesforward/2015/3/20/ldn2hk-a-lesson-in-fashion-and-travel
How to become a successful beauty blogger - Get The Gloss,https://www.getthegloss.com/behind-the-brand/how-to-become-a-successful-beauty-blogger
Fashion Blogger Katie Urban (CLAS '13) Shares Her Favorite ...,http://alumni.virginia.edu/hoosnetwork/2015/02/fashion-blogger-katie-urban-clas-13-shares-favorite-instagram-accounts/
5 Brands on Instagram That Succeed With Influencer Marketing ...,http://www.socialmediaexaminer.com/5-brands-on-instagram-that-succeed-with-influencer-marketing/
"Nadia Fairfax, of The Fairfax Journal, talks fashion blogging.",http://www.news.com.au/lifestyle/fashion/people/fashion-blogger-nadia-fairfax-talks-body-image-style-and-how-to-make-a-living-from-instagram/news-story/df2516d145aae0954458851579f375fa
Top 10 Fashion Bloggers to Follow on Instagram - 29Secrets,http://29secrets.com/style/top-10-fashion-bloggers-follow-instagram/
15 Singaporean Fashionistas to Follow on Instagram right now ...,http://thesmartlocal.com/read/singaporeans-to-follow-on-instagram
Pakistan's fashion scene through the Instagram of blogger Salima ...,http://www.glossy.co/platform-effect/pakistans-fashion-scene-through-the-instagram-of-blogger-salima-feerasta/
The Fashion Guitar,http://thefashionguitar.com/
How Celebrities Helped Fashion Nova Take Over Your Instagram Feed,https://www.vice.com/en_us/article/how-celebrities-helped-fashion-nova-take-over-your-instagram-feed-and-your-wallet
A Clothes Horse,http://www.aclotheshorse.co.uk/
Barefoot Blonde by Amber Fillerup Clark -,http://www.barefootblonde.com/
SARA CASTRO RIVADENEIRA @idolldoll - Instagram Profile - FINE ...,https://socialmediafeed.me/ig/user/idolldoll
"Front Roe by Louise Roe | A Fashion, Beauty & Lifestyle Blog by ...",http://louiseroe.com/
Lonestar Southern | Dallas Fashion Blogger,http://lonestarsouthern.com/
"Fashion Bomb Daily Style Magazine: Celebrity Fashion, Fashion ...",http://fashionbombdaily.com/
Advanced Style,http://www.advanced.style/
Could I Have That? | Personal Style Blog by Samantha Wennerstrom,http://www.couldihavethat.com/
Grace & Beauty - Fashion and Beauty Beauty Blog For Women Over 40,http://www.cyndispivey.com/
BLACK FASHION,http://blog.blackfashionmag.com/
Cupcakes & Cashmere,http://cupcakesandcashmere.com/
Aspyn Ovard - LIFESTYLE VLOGGER & BLOGGER,http://aspynovard.com/
BLEUBIRD -,http://bleubirdblog.com/
"A Cup of Jo - Style, Culture, Motherhood, Travel, Food & Life",http://cupofjo.com/
Carefree ( @omq.its.bacon ) Instagram Photos and Videos - pansta.net,http://pansta.net/PandaUserMedia/4044833554
Something Navy - By Arielle,http://somethingnavy.com/
Paris in Four Months,http://www.parisinfourmonths.com/
Mariannan -Mariannan,http://mariannan.indiedays.com/
Disney Style | Official Site,https://style.disney.com/
"My Style Pill - New York personal stylist, wardrobe consultant, blogger ...",http://www.mystylepill.com/
The College Prepster -,http://www.thecollegeprepster.com/
Meet the Fashion Blogger Who Earns $15k per Instagram Post (6 ...,http://www.alux.com/meet-the-fashion-blogger-who-earns-15k-per-instagram-post/meet-the-fashion-blogger-who-earns-15k-per-instagram-post-6/
Instagram's Top Models Reveal What Life is Really Like Behind Their ...,http://resourcemagonline.com/2017/02/instagrams-top-models-reveal-what-life-is-really-like-behind-their-feeds/75161/
"Kelly in the City - A Preppy Chicago Life, Style and Fashion Blog",http://kellyinthecity.com/
A Style Album | By Louise Redknapp & Emma Thatcher,http://www.astylealbum.com/
Kylie Jenner's Fringe Jumpsuit Is Causing Serious Fashion-World ...,http://www.seventeen.com/fashion/celeb-fashion/news/a44785/kylie-jenner-fringe-jumpsuit/
fashionBlogger photos and videos from social networks | Gramomania ...,http://gramomania.com/tag/fashionBlogger
"British Vogue | Fashion, Trends, Latest News, Catwalk Photos ...",http://www.vogue.co.uk/
Explore Instagram mirrorwork photo and video hashtag - Twaz,http://twaz.org/hashtag/mirrorwork
ANDY HEART,http://www.andyheart.com/
The Little Magpie,http://www.thelittlemagpie.com/
@howaidadesigns instagram howaidadesigns #india#summer ...,http://gramlove.co/media.php?id=1441701201782878161_487738743
SierraShamiah instagram photos shamiah.fashion - instagram Profil ...,http://www.instagramcn.com/shamiah.fashion
"Fashion Blogger, The Chic Sheik, Discusses Their New Instagram ...",http://www.24-7pressrelease.com/press-release/fashion-blogger-the-chic-sheik-discusses-their-new-instagram-photo-contest-on-facebook-348718.php
Stitch Fix Style | Fashion Inspiration & Trends,https://blog.stitchfix.com/
Hot Fashion Blogger Instagram recap 每 Sunday Grumpday | Fashion ...,http://cocoetlavieenrose.com/hot-fashion-blogger/
11 Secrets To Becoming A Professional Travel Blogger ? Expert ...,https://expertvagabond.com/professional-travel-blogger/
"Kimberly on Twitter: ""#follow my #Instagram #fashion #blogger #music ...",https://twitter.com/kim_spiration/status/789237877196619782
That kinda week. #pressforchampagne #mood #clozette #starclozetter ...,http://www.clozette.co/community/browse/instagram-1441824617005343390-1429744653/lovebellavida
20 Best Fashion Blog & Magazine WordPress Themes 2017 - colorlib,https://colorlib.com/wp/best-fashion-blog-magazine-wordpress-themes/
Fashion Blogger?Maria Guerrero Instagram photos - thisishowwewearit,http://www.ipopam.com/thisishowwewearit
Browse @nana_blog 's photos at Instagram Profile - Copysta,http://copysta.com/profile/nana_blog/4559312188/
20 Aussie fashion bloggers you need to follow on Instagram,http://www.theweeklyreview.com.au/live/20-aussie-fashion-bloggers-you-need-to-follow-on-instagram/
Slide 475 - Instagram fashion blogger Danielle Bernstein earns 10 ...,http://money.bhaskar.com/news/MON-MARK-FORX-22-year-old-blogger-danielle-earns-10-lakh-from-instagram-latest-5002529-PHO.html?seq=475
Slide 1878 - Instagram fashion blogger Danielle Bernstein earns 10 ...,http://money.bhaskar.com/news/MON-MARK-FORX-22-year-old-blogger-danielle-earns-10-lakh-from-instagram-latest-5002529-PHO.html?seq=1878
Slide 918 - Instagram fashion blogger Danielle Bernstein earns 10 ...,http://money.bhaskar.com/news/MON-MARK-FORX-22-year-old-blogger-danielle-earns-10-lakh-from-instagram-latest-5002529-PHO.html?seq=918
Some Likes on Instagram | Channing in the City,http://www.channinginthecity.nyc/2013/12/10/some-likes-on-instagram/
"How to Be a Power Instagrammer, by Fashion Blogger Andrea Chong ...",http://www.socialyte.co/above-the-influence/how-to-be-a-power-instagrammer-by-fashion-blogger-andrea-chong
Instagram Archives | Cedar & Rush | Chicago Fashion Blogger ...,http://www.cedarandrush.com/tag/instagram
Instagram | The Gummy Sweet ::: Fashion Blogger,http://www.thegummysweet.com/category/instagram/page/153/
Warning from Glasgow blogger after her Instagram was hijacked by a ...,http://www.clyde2.com/localnews/warning-from-glasgow-blogger-after-her-instagram-was-hijacked-by-a-troll/
Mariana | instagram: Fashion blogger @thekingdomstyle_blog D ...,https://www.flickr.com/photos/alexplonsky/29743867224/
5 Top Bloggers on Instagram - Goldenes Quartier,http://goldenesquartier.com/en/article/instagram-fashion-blogger/
250+ Best Free Responsive Blogger Templates 2015 - CSS Author,http://www.cssauthor.com/blogger-templates-2015/
10 Times Beyonce Was the Best Fashion Blogger on the ... - Glamour,http://www.glamour.com/story/beyonce-instagram-outfits
Must Have Social Profiles for any Fashion Blogger | Silverbean,http://www.silverbean.com/blog/the-five-must-have-social-profiles-for-any-fashion-blogger/
Candie's Focuses Campaign On Instagram 05/18/2015 - MediaPost,http://www.mediapost.com/publications/article/250062/candies-focuses-campaign-on-instagram.html?edition=
An Instagram 'body positive fashion blogger' and her weight gain ...,https://voat.co/v/fatpeoplehate/1327010
How Fashion Week is Ruling Instagram | AddThis Blog,http://www.addthis.com/blog/2014/09/04/fashion-weeks-ruling-instagram-and-should-rule-your-content-too/
Fashion blogger (@thekeyofstyle) | Instagram photos and videos,http://www.pictaram.com/user/thekeyofstyle/2127617808
Let's Talk Instagram Tips 每 How I Edit my Photographs | The Silk ...,http://www.thesilksneaker.com/instagram-tips-for-editing/
Insta-Star: How did this Charlotte 25-year-old grow a fashion blog ...,http://www.charlotteobserver.com/living/fashion/article66739352.html
10 things EVERY fashion blogger does | - Nobody's Child,https://www.nobodyschild.com/magazine/10-things-every-fashion-blogger-does/
Instagram Roundup - III - ADORENESS,http://www.adoreness.com/instagram-roundup-iii/
rue 21 instagram Archives - Teen Fashion Blogger and Teen Style ...,http://harleighhearts.com/tag/rue-21-instagram/
New Fashion Blogger Concept and Social Media Consulting at GDS ...,"http://www.gds-online.com/cipp/md_gds/custom/pub/content,oid,24368/lang,2/ticket,g_u_e_s_t/~/New_Fashion_Blogger_Concept_and_Social_Media_Consulting_at_GDS.html"
fashion blogger Archives | Edmonton Lifestyle & Fashion ...,http://www.emilieiggiotti.com/tag/fashion-blogger/
Wordpress Blog Design for NYC Fashion Blogger - Local Buzz,https://localbuzzllc.com/wordpress-blog-design-for-nyc-fashion-blogger
20 Example Blog Media/Press Kits for Your Inspiration - The Blog Maven,http://www.theblogmaven.com/media-kit-examples/
"Fashion Blog, Lifestyle Blog, Wedding BlogGlitter, Inc. | A North ...",http://glitterinc.com/
Sikh-Aussie Fashion Blogger Takes Instagram By Storm - SikhChic.com,https://sikhchic.com/fashion/sikhaussie_fashion_blogger_takes_instagram_by_storm_karan_kaur
Instagram Lately #2 | Stolen Inspiration | NEW ZEALAND FASHION ...,http://stoleninspiration.com/instagram-lately-2-2/
"The Best Fashion Blogger Apps, Sites, and Programs - Pop of Style",http://popofstyle.com/blogging-how-to/best-fashion-blogger-apps/
"The Best Fashion Blogger Apps, Sites, and Programs - Pop of Style",http://popofstyle.com/blogging-how-to/best-fashion-blogger-apps/
@FIDM Instagram Takeover: Stylist and Fashion... - FIDM,http://fidm.tumblr.com/post/138156980919/fidm-instagram-takeover-stylist-and-fashion
THE OFF-DUTY POSTCARD - INSTAGRAM - SCENT OF OBSESSION ...,http://www.scentofobsession.com/2015/04/the-off-duty-postcard-instagram/
9 Fashion Blogger Outfits We Love | ewmoda,http://www.ewmoda.com/fashion/9-fashion-blogger-outfits-we-love
10 Fashion Bloggers to Follow on Instagram - Business 2 Community,http://www.business2community.com/fashion-beauty/10-fashion-bloggers-follow-instagram-01740095
INSTAGRAM A Boston Based Fashion Blogger and City Explorer The ...,http://www.thelayeredappeal.com/shop-1/
Are You Being Conned? Sponsored Blog Post Rates and Best ...,http://www.successfulblogging.com/sponsored-blog-post-rates/
"Dull Magazine | Instagram and fashion, dangerous liaisons",https://dull-magazine.com/dullnews/instagram-and-fashion-dangerous-liaisons/
"accessories, art, blogger, canadian blogger, fashion, fashion blogger ...",https://patronofdreams.com/tag/accessories-art-blogger-canadian-blogger-fashion-fashion-blogger-fashion-photography-fashion-editorial-instagram-influencer-chictopia-ootd-outfit-of-the-day-style-blogger-stylist-vintag/
"Youtube Fashion Blogger Jobs, Employment | Indeed.com",http://www.indeed.com/q-Youtube-Fashion-Blogger-jobs.html
So you want to be a travel blogger - Young Adventuress,http://youngadventuress.com/2014/05/make-money-travel-blogging.html
"JessicaLondonStills God, Beauty/, Fashion, Blogger, on, instagram ...",http://www.pof.com/viewprofile.aspx?profile_id=92363257
The Reality Of A Fashion Blogger's Pay - All My Friends are Models,http://www.allmyfriendsaremodels.com/the-reality-of-a-fashion-bloggers/
Fashion blogger Rozalia Russian targeted in Instagram hacking and ...,http://www.canberra.edu.au/cis/news/article/?id=fashion-blogger-rozalia-russian-targeted-in-instagram-hacking-and-extortion-the-age
Blogger Spotlight: Fashion blogger Darko Lukac | Gaddr Stories,http://stories.gaddr.me/blogger-spotlight-fashion-blogger-darko-lukac/
How to Edit your Instagram Posts like a Fashion Blogger,http://www.awardrobeaffair.com/page/8/?author=0
shea marie peaceloveshea fashion blogger blog style instagram ...,http://peaceloveshea.com/200000-reasons-to-smile/
SUSANA LOPES | Fashion Blogger 妒扶扼找忘忍把忘技 ... - stapico.ru,http://stapico.ru/styleandlifebysusana
Not Just A Beauty Blogger - My Fashionable Journey Through IVF,http://www.notjustabeautyblogger.com/
Dreampions | Fashion blogger streetandgentle: 'Go your own way!',https://www.dreampions.de/article-item?id=56531186
