@thenativefox,8.0246655368
@yoyokulala,0
@alealimay,0.951623415437
@thefashionguitar,180.341837029
@helenabordon,20.2401686859
@eaemileeanne,0
@frassyaudrey,0.966474614926
@dressingoutsidethebox,304.130121735
@karenbritchick,431.662498544
@styleontarget,0
@kaitlinkkeegan,59.3048327079
@songofstyle,25.9387907962
@juliahengel,147.437329911
@sincerelyjules,0
@chiaraferragni,2.49165493814
@kristina_bazan,0
@happilygrey,9.03818011325
@zanitazanita,13.3534514616
@tuulavintage,0
@miraduma,14.3293422345
@kattanita,123.819989341
@damselindior,1.94351300541
@walkinwonderland,7.64102587422
@xandervintage,2.4618330139
@amberfillerup,0
@lovelypepa,149.871633887
@negin_mirsalehi,0
@thassianaves,23.3897756411
@whitneybearr,0
@the_salty_blonde,18.2281980896
@littlemissfearlessblog,55.9529432361
@truelane,29.6094599653
@kbousq,0
@ngoldenberg,6.46087497952
@mduenasjacobs,20.0059181017
@kendalljenner,0
@anna_dello_russo,0
@hamishbowles,146.534187313
@thelsd,3.40300475504
@gigihadid,7.34921430429
@carineroitfeld,0
@mertalas,41.3313622206
@lenaperminova,16.941532133
@marthaward,92.5057663411
@privategg,15.4329578939
@bat_gio,54.544219559
@zannarassi,17.3913214524
@whowhatwear,0
@chungalexa,0
@mirandakerr,14.5186590075
@derekblasberg,0
@caradelevingne,1.42713905171
@veronikaheilbrunner,193.462123268
@tommyton,13.0572362354
@maid_marriott,0
@michellemquinn,59.5352306162
@cosmopolitan,19.5024935396
@twitter,2.62222968265
@coastaldotcom,23.9619542483
@blamefashion,75.7383647623
@sylviemus_,0
@thefrugality,24.259512096
@ulimali,55.2562638077
@adenorah,49.4466886366
@trineswardrobe,6.13873536941
@yara_michels,13.706713335
@anoukyve,44.5179916523
@thriftsandthreads,7.11809167701
@hellofashionblog,22.3257413537
@racquelnatasha,10.913309364
@kelsey_white,0
@glamobserver,210.392131082
@zinafashionvibe,41.4575631928
@nausheenshah,49.0515078875
@nicolettemason,0.261316193772
@meganrunionmcr,162.69521
@leblogdebetty,7.56496699554
@rumineely,0
@alicezielasko,0.968847116441
@alixcherry,39.7951749547
@lusttforlife,2.6620879435
@songofstyle,25.9387907962
@_frommetoyou,0
@theglamourai,0
@patrinia,0
@bettyautier,2.70673424531
@louisepando,0
@makemylemonade,63.9971384277
@adelinerapon,0
@eppcoline,75.7359182851
@tokyobanhbao,6.23000991934
@rozalia_russian,1.94098920909
@rozalia.com.au,1.58412771343
@fredrdgz,11.1887419712
@fredrdgz,11.1887419712
@brooklynblonde,0
@mcarthurjoseph,10.5225800508
@deadlyinlove,0
@bulgakovalife,9.52045002868
@audreyleighton,0
@frassyaudrey,0.966474614926
@marianodivaio,26.6941237022
@marianodivaio,26.6941237022
@oliworlds,0
@oliviakijo,10.6611403289
@thefashionaround,0
@matthewzorpas,36.2005906491
@theglobalgirl,8.47643336952
@theglobalgirl,8.47643336952
@tini_tani,0
@racheletnicole,2.74707112318
@racheletnicole,2.74707112318
@onedapperstreet,0
@luanna90,0
@littleblackboots,7.56717334328
@lilfashionisto,47.3928845721
@lilfashionisto,47.3928845721
@christophschaller,5.2760226309
@lauraallardfleischl,0
@chicityfashion,3.12702668808
@retroflame,29.564882811
@retroflame,29.564882811
@alexanderkenton,0
@kenzasmg,9.54016466955
@zosuen,0
@neonrock,0
@gvozdishe,0
@gvozdishe,0
@dustin_kst,0
@danceinmycloset,49.5837934062
@larisacostea,363.943684831
@myshowroomblog,13.6895994684
@mkoesnadi,8.80679328139
@feralcreature,6.83164881074
@nanciemwai,6.42299159997
@nanciemwai,6.42299159997
@liamakrigeni,1.1805345741
@itsnotthatdeep,2.78621354168
@superwowomg,347.293460578
@superwowomg,347.293460578
@soniaeryka,11.8890749182
@soniaeryka,11.8890749182
@physicalcanvas,0
@luizagrinberg,0
@thefrugality,24.259512096
@dressyourguests,57.1897957671
@ismat,0
@kittehinfurs,5.73664795202
@cupcakesloveme,0
@fullerfigurefullerbust,7.26126369951
@teerwayde,26.7390035535
@pic_pixie,289.550175329
@nadiaaboulhosn,0
@itsmekellieb,40.3988589985
@plumpbabydoll,44.1822218505
@thisisashrose,0
@girlwithcurves,14.4286855954
@kobi_jae,17.7018628286
@withwonderandwhimsy,21.8053494371
@cleofernandes,33.2023890036
@curvesandchaos,165.435748991
@mariesouthardospina,13.0624270265
@epiclylaterd,0.261316193772
@ilanusglazer,2.86137790385
@evanrossell,5.44276120863
@krystalschlegel,3.30945349963
@nanysklozet,24.5092941731
@princepelayo,1.84473162712
@troprouge,4.44445129832
@brooklynblonde1,16.1531789169
@oh_anthonio,8.28011195126
@clairegeist,0
@dapperlou,4.51379832822
@justinliv,46.3170013533
@blaireadiebee,64.6086130661
@theserenagoh,0
@cindiddy,554.009325861
@vnikali,217.887820147
@elleiconlee,0
@christingc,60.1388763212
@popbee,30.3157786543
@thewanderlister,120.02076914
@sabrinasikora,63.4330940613
@dressvoice_yourvoice,704.627932517
@sprezzatura_eleganza,0
@rimmelforrommel,272.430210153
@giusyadriano,19.6505644044
@the.in.vogue,508.837526462
@alyssajewellerydesign,794.818147542
@flagship_boutique,10.6167339071
@fashiionpage,365.165708143
@jlushdiaries,730.26384631
@youmnaelshafeiy_makeupartist,748.187741378
@jeffvanleeuwen_imaging,268.426738377
@youallover,279.886486966
@aylinstudiio,6.49471571865
@mimitrend,625.703432356
@thisthingcalledfashionn,227.17253577
@naijayarnz,53.5578238169
@make_up_fashion_07,751.107995103
@kotsy_,11.2030505575
@laviedepera,233.002980711
@manicure_planet,163.683415307
@cristianocalzature,612.523328955
@mariawathne,485.682634796
@_lxxkbxxk_,236.454853551
@mz_lizzyy,0
@ohmiloveit,802.016286994
@nadinchen_s,0
@fashionsteams,0
@street_style_paris,11.4112107659
@juliahengel,147.437329911
@toasty_a,450.117114043
@michalexcc,35.4798539073
@imaynotbefromla,153.90941374
@casadecosmo,29.2898706375
@thefashionlotus,6.99415898421
@hauteintexas,0
@stylelushtv,167.61514706
@karatapangan,14.2476129984
@desaesthetic,0
@spurscoyote,60.973015103
@sergio.chapa,0
@april_ancira,31.1681093485
@cruzortizart,180.172685609
@colt_wrangler,13.6683988835
@chamoycitylimits,29.8000008834
@igsanantonio,9.64814107267
@onelovephotogsatx,102.707454264
@urbansanantonio,43.5600437364
@kattanita,123.819989341
@saraglamgirl,697.934534126
@lonestarsouthern,20.3114576528
@bagsandmore.id,0
@mariannnan,7.7254102902
@jenselter,0
@deck_sotto,18.9122622684
@shop.style.snap,82.58695977
@rvcjinsta,9.94234739745
@cornetmamabolo,0
@iilove.closet,0
@chamsko.pl,0
@littleemilywang,0
@giovane_gentile,67.0284748721
@sacross,6.53413221232
@letshoppingwithme,881.819368406
@brechocleta,0
@chase,36.3659357742
@blaireadiebee,64.6086130661
@fashiondesfemmes,7.01391436508
@careergirldaily,1.2938119087
@callmesparkle,0
@char1es,304.353329388
@thebalibible,123.833905222
@bloggerphotographer,215.697027426
@shewearsfashion,4.55571144388
@allisonpdavis,0
@iamsheglobal,0
@pankaj_j_barua,519.108566067
@styleitwithtrix,69.4599873893
@lphotographie,36.4253378149
@2snapsandatwirl,0
@jaredragland,13.2327924834
@arni_coraldo,126.287559207
@ninarobinsonnyc,75.2384881551
@mattblack_blackmatt,0
@mattslaby,9.49925954365
@mrantooine,1.42713905171
@timlampe,1.87947030279
@meltjoeng,10.014558364
@camrindengel,28.449771872
@reallykindofamazing,8.57818305787
@belebenard,4.31334238418
@howdyluke,0
@aabbyylou,65.5331123708
@bydvnlln,73.4334680905
@johnstanmeyer,11.2716273521
@patricialaydorsey,0
@misvincent,15.5198473709
@nothing_to_worry_about,0
@amivitale,13.9657962464
@brettbrooner,0
@_spirits,0
@stellamariabaer,0
@thomas_prior,0
@jtully,0
@bengum,119.001917485
@robertwtobin,0
@burkhartsokc,0
@charlesmostoller,27.1452902716
@jesse_burke,13.5360659459
@kendrickbrinson,3.97194546611
@thesdcowgirl,99.2165695584
@mattcrump,2.93736251236
@ryan_thayne,0
@taylortippett,20.6011261001
@stacykranitz,0
@dguttenfelder,0
@mckinsey,0
@morgansmith,0
@camera_man1973,23.4535608438
@storyofyourday,22.3897179814
@1firstimpressions,0
@patilrad,347.233159512
@riddhima_kollare,28.8331585799
@smitashaofficial,4.47590161383
@saekotakahashi1122,497.00504249
@mishael_marcia,130.387969736
@mahirisareesuk,619.644385892
@hansvats,74.3112083406
@maitry_coolgirl95,309.509594561
@kasakosa_homeware,93.1881631544
@chef_balqees,30.8499805148
@sqwhat,0
@jahaze_aroos,0
@mapasekamokwele,98.2584359541
@top.promote,0
@nailkaterina,0
@melynnlipstick,228.420530235
@homersimpson,0
@thekeyofstyle,0
@thesilksneaker,0
@fidm,19.6605550219
@thatgirlbrig,1.42713905171
@pinklemonincrystal,65.3120463647
@allmyfriendsaremodels,0
@makeupgeelong,126.908562279
@holsterfashion,0
@hipstercrewau,771.874440234
@klasse14,155.123739478
@lacenheelsboutique,0
@olayau,0
@trulymds,55.1896919729
