@styleheroine,-0.720921274422
@yasalamfashionblog,-0.232760406196
@helenabordon,-1.200765031
@tk_wonder,-0.15662388497
@eaemileeanne,-0.6595925122
@frassyaudrey,-2.91607402988
@dressingoutsidethebox,10.1949986049
@karenbritchick,17.3192960418
@styleontarget,1.25117524422
@kaitlinkkeegan,-1.76085813548
@songofstyle,2.13127165123
@juliahengel,-3.08579650023
@sincerelyjules,0.066192056376
@peaceloveshea,0.0986902069279
@happilygrey,-0.596192540614
@zanitazanita,-1.34395500118
@weworewhat,1.66127471702
@tuulavintage,0.988421370651
@oliviapalermo,-1.63695006921
@miraduma,0.498089141473
@vivaluxuryblog,2.63263039053
@hellofashionblog,6.19611226249
@kattanita,-1.23819559324
@walkinwonderland,1.45646191461
@caraloren,2.7999852487
@lovelypepa,4.37101930866
@negin_mirsalehi,-1.47225627627
@thassianaves,4.81000336947
@camilacoutinho,-0.504566597618
@whitneybearr,0.824508878025
@the_salty_blonde,-0.125222877323
@littlemissfearlessblog,4.12680029204
@truelane,1.00005247314
@donatella_versace,2.92251507143
@ngoldenberg,0.102347025368
@kendalljenner,-1.34643531587
@anna_dello_russo,1.5696802752
@gigihadid,7.91850838202
@carineroitfeld,0.506349623501
@mertalas,-0.846939220998
@lenaperminova,1.36260291659
@privategg,1.01161906325
@bat_gio,-0.762448616676
@whowhatwear,-3.88997726332
@evachen212,2.78513372411
@mirandakerr,2.04106248715
@caradelevingne,0.918725177198
@veronikaheilbrunner,7.59066343805
@tommyton,-2.74159098157
@marieclaireuk,-2.54899251444
@twitter,1.0897752497
@thehautepursuit,0.707690827334
@lucywilliams02,1.20509006107
@thefrugality,-5.12988349145
@adenorah,2.37971405834
@trineswardrobe,-1.99508047705
@yara_michels,5.25718067021
@anoukyve,-0.58625986198
@accordingtoblaire,2.45922593545
@shalicenoel,6.35093884969
@loveandloathingla,2.99106532076
@kelsey_white,0.453862189324
@helloitsroxie,1.25436913881
@glamobserver,1.19600492604
@luisafere,-0.453082543302
@gabifresh,1.10375863133
@nicolettemason,1.72623364077
@a_southerndrawl,17.6338035101
@meganrunionmcr,6.38393365221
@rumineely,-0.730710380802
@alicezielasko,-1.98734225473
@lateafternoon,0.0389046245836
@lusttforlife,-0.277588568324
@theglamourai,-0.833085861472
@sjpcollection,-0.344143598078
@kenzasmg,-0.748992096234
@daphnemodeandthecity,-4.70807714001
@adelinerapon,-1.08858239601
@eppcoline,0.733446206201
@rozalia_russian,1.71347864119
@rozalia.com.au,-3.85113203434
@fredrdgz,0.207484198302
@marianodivaio,1.55515920122
@oliworlds,1.24258071955
@oliviakijo,-2.40219437756
@thefashionaround,0
@matthewzorpas,1.15146871441
@theglobalgirl,-1.11188392753
@tini_tani,-0.198256617437
@whichclothestoday,4.85479859046
@racheletnicole,3.41912783477
@milexr,0
@luanna90,1.62267123692
@littleblackboots,3.04101293
@christophschaller,-3.61795692613
@chicityfashion,-0.602983763613
@retroflame,0.91208336685
@alexanderkenton,0.769893755789
@gvozdishe,-0.831095274271
@larisacostea,-2.26784109823
@myshowroomblog,-2.82046541469
@feralcreature,-2.95148068351
@superwowomg,-0.0203595953773
@soniaeryka,0.749169374389
@ellemayleckenby,-3.12205056208
@redreidinghood,-2.85305420885
@diariodeestilo,-2.12890504542
@karxlina,3.83782598852
@livpurvis,2.36871123988
@inthefrow,3.20960621897
@erica_davies,3.64604301842
@monicabeatrice,4.99147866041
@dressyourguests,2.37126242574
@kittehinfurs,0.123493751916
@cupcakesloveme,0.933980089364
@fullerfigurefullerbust,-0.0842271958162
@teerwayde,0.49231334259
@nadiaaboulhosn,2.62465159429
@itsmekellieb,0.574117721679
@bbwgeneration,-0.597909746594
@girlwithcurves,2.82778185697
@kobi_jae,0.428621759378
@cleofernandes,0.265742980388
@curvesandchaos,-0.794493962681
@mariesouthardospina,0.372837751231
@epiclylaterd,1.32978276831
@ilanusglazer,2.99606795461
@mallorybby,25.15276732
@krystalschlegel,3.70537306787
@nanysklozet,-4.79806467734
@princepelayo,-2.58728444831
@troprouge,2.90024538361
@smashleybell,-1.23461834526
@brooklynblonde1,3.71690748984
@oh_anthonio,1.52788380276
@clairegeist,1.02151451203
@justinliv,0.708678473245
@blaireadiebee,1.45969190316
@iamgalla,-0.257633405133
@apairandaspare,-3.37627912872
@tinaleung,0.51206773836
@cindiddy,8.23963760103
@vnikali,3.22315491967
@elleiconlee,0.668564559527
@christingc,-1.01896052418
@popbee,0.671986242007
@thewanderlister,-1.84216523214
@youmnaelshafeiy_makeupartist,5.46198693794
@aylinstudiio,0
@mimitrend,20.2537398249
@naijayarnz,-21.485666888
@cristianocalzature,14.4424333138
@ohmiloveit,37.0902857996
@lacaprichossa,-4.33591418186
@street_style_paris,-3.75567755015
@toasty_a,15.6070191731
@sanantoniotidbits,-3.54095986063
@spurscoyote,1.58289513249
@bexargoods,-3.22295902181
@igsanantonio,-3.18542583588
@lonestarsouthern,1.96915336555
@kyla.shay,-3.87851625104
@claudiaalende,2.75587972147
@waseemstark,14.1819312122
@jenselter,5.06307558066
@deck_sotto,3.9462510848
@shop.style.snap,0.0501619057158
@so___whatt,-0.179164274672
@cornetmamabolo,-7.71352089938
@iilove.closet,1.72115529665
@chamsko.pl,0.518692987183
@ebadolrahman,0
@sacross,4.6102418557
@walterwanderleytv,-1.8015510604
@letshoppingwithme,8.18397612335
@julietangus,9.43148290295
@fiftyshadesmovie,0.174406227523
@discodaydream,2.19871326728
@thestyleclubla,1.91948909318
@beyonce,1.25409552229
@cocoloco_girl,2.97411816252
@__viva_la_moda__,10.1493942281
@fashiondesfemmes,-0.771618470463
@riccardotisci17,1.35450054853
@givenchyofficial,-6.47297508743
@wwd,-1.00708232409
@careergirldaily,0.143332268935
@chrisellelim,2.7344749609
@char1es,-0.681294150126
@thebalibible,-1.2372528157
@shewearsfashion,-5.24993225374
@caraasantana,0.789543416554
@2snapsandatwirl,-1.33677660694
@ninarobinsonnyc,-2.7289771918
@mattblack_blackmatt,-0.528134706158
@mattslaby,-5.92063244884
@bythebrush,-0.776984353526
@mrantooine,-0.719071734805
@timlampe,-5.8243678174
@meltjoeng,-1.28754627416
@camrindengel,0.928877070428
@joshualott,0.183792634562
@skylerwagoner,1.70905670989
@belebenard,-1.81364195421
@aabbyylou,3.08352587858
@bydvnlln,2.97889858563
@johnstanmeyer,-5.40336511933
@patricialaydorsey,0.742434820582
@wideeyedlegless,-0.397185457057
@misvincent,-1.23252086793
@brettbrooner,1.29327539454
@johnnylace,-1.60523030094
@stellamariabaer,-4.76035725711
@thomas_prior,-0.651484427916
@robertwtobin,0.855842134636
@waywardspark,1.3525588272
@charlesmostoller,-1.59282383885
@jesse_burke,1.95595788578
@kendrickbrinson,1.10136290292
@thesdcowgirl,-0.827207141478
@thiswildidea,2.42063161004
@mattcrump,2.90228929785
@ryan_thayne,-3.63634886016
@shanelavalette,-0.692133143838
@taylortippett,4.61828493303
@stacykranitz,0.611069177092
@manofmanytastes,-6.66190609796
@morgansmith,6.50165356393
@elegant_attire,6.67487914764
@chef_balqees,-1.20673197356
@elegant_divas,4.24698499159
@mapasekamokwele,5.22364417944
@top.promote,-5.28958169116
@hendriansyah76_official,-5.79267168046
@melynnlipstick,18.4491245557
@thekeyofstyle,-2.60558664117
@thesilksneaker,1.41358434454
@fidm,-3.92742434864
@nicolettareggio,0.973165655881
@youngadventuress,-3.38451511465
@holsterfashion,-0.144127337039
@klasse14,3.93469068498
@lacenheelsboutique,1.62776662766
