@styleheroine,5.90849162216
@yasalamfashionblog,2.81064750122
@helenabordon,1.87469851802
@tk_wonder,10.6717885349
@eaemileeanne,5.7201133989
@frassyaudrey,4.76430638585
@dressingoutsidethebox,9.3106095686
@karenbritchick,1.58243298634
@styleontarget,-0.732961442795
@kaitlinkkeegan,4.93758677699
@songofstyle,3.94467525435
@juliahengel,6.29525758649
@sincerelyjules,1.64096834587
@peaceloveshea,2.27503987095
@happilygrey,2.22815004407
@zanitazanita,6.9709068116
@weworewhat,-0.583222395222
@tuulavintage,2.38215875
@oliviapalermo,4.33659484608
@miraduma,1.99907583462
@vivaluxuryblog,-0.200048295825
@hellofashionblog,-1.43999521264
@kattanita,7.84260387572
@walkinwonderland,2.74619192015
@caraloren,-2.32159655136
@lovelypepa,-0.306854456157
@negin_mirsalehi,1.69827783449
@thassianaves,-0.249408784418
@camilacoutinho,8.64425409996
@whitneybearr,-0.458156498445
@the_salty_blonde,8.79691684272
@littlemissfearlessblog,4.49053620869
@truelane,2.32536094217
@donatella_versace,0.284627706626
@ngoldenberg,0.361381975351
@kendalljenner,2.89933620032
@anna_dello_russo,2.63936206875
@gigihadid,-0.259250130922
@carineroitfeld,0.83784377371
@mertalas,2.7546958051
@lenaperminova,1.66856966454
@privategg,0.293905907697
@bat_gio,2.04026543137
@whowhatwear,12.5277174238
@evachen212,2.42342278491
@mirandakerr,3.02016526431
@caradelevingne,-0.659357375996
@veronikaheilbrunner,-0.46398785422
@tommyton,2.43651755261
@marieclaireuk,4.4911335146
@twitter,4.99942536168
@thehautepursuit,2.06493259578
@lucywilliams02,3.85846906315
@thefrugality,9.85551600274
@adenorah,-0.125356838674
@trineswardrobe,2.87085671269
@yara_michels,-3.38043379333
@anoukyve,4.2108017716
@accordingtoblaire,7.80258902672
@shalicenoel,-0.80460905447
@loveandloathingla,5.85526200504
@kelsey_white,0.93278736224
@helloitsroxie,1.63681743852
@glamobserver,19.1372578073
@luisafere,5.99927635481
@gabifresh,1.08770224139
@nicolettemason,3.53617812048
@a_southerndrawl,-0.664204232612
@meganrunionmcr,-0.964586153806
@rumineely,0.0799946348634
@alicezielasko,3.46205957496
@lateafternoon,3.39815663464
@lusttforlife,4.56324754391
@theglamourai,0.836612969581
@sjpcollection,5.44422537984
@kenzasmg,4.59113942186
@daphnemodeandthecity,12.877314413
@adelinerapon,4.64472719451
@eppcoline,1.65368745634
@rozalia_russian,7.47858108362
@rozalia.com.au,10.704157267
@fredrdgz,4.10367664858
@marianodivaio,2.72514112203
@oliworlds,4.29769747919
@oliviakijo,3.58551096518
@thefashionaround,0
@matthewzorpas,5.94046230086
@theglobalgirl,2.17471866197
@tini_tani,-0.0690999640788
@whichclothestoday,1.89243797982
@racheletnicole,2.68616862001
@milexr,0
@luanna90,3.35946517796
@littleblackboots,3.56281232663
@christophschaller,3.88710665298
@chicityfashion,1.1240583745
@retroflame,10.3650958868
@alexanderkenton,4.19577439981
@gvozdishe,1.19197257703
@larisacostea,5.70306324505
@myshowroomblog,6.59697960541
@feralcreature,6.81075822061
@superwowomg,2.42319779939
@soniaeryka,4.20941906426
@ellemayleckenby,7.4201357214
@redreidinghood,8.62626944264
@diariodeestilo,3.89492150404
@karxlina,-1.66201358585
@livpurvis,3.98364936237
@inthefrow,5.92174964926
@erica_davies,1.99902828455
@monicabeatrice,12.0077634278
@dressyourguests,11.8953072033
@kittehinfurs,2.27683625537
@cupcakesloveme,-0.595427810871
@fullerfigurefullerbust,0.488778089227
@teerwayde,1.43353748236
@nadiaaboulhosn,7.18964271431
@itsmekellieb,6.42634507997
@bbwgeneration,14.2551801038
@girlwithcurves,2.66214255892
@kobi_jae,2.45476751466
@cleofernandes,0.908737928971
@curvesandchaos,5.47056397298
@mariesouthardospina,4.8572886972
@epiclylaterd,2.20905095947
@ilanusglazer,4.346832191
@mallorybby,0.574968744095
@krystalschlegel,4.0260462684
@nanysklozet,18.4676485167
@princepelayo,2.61743936992
@troprouge,-1.34944600172
@smashleybell,2.40446475256
@brooklynblonde1,3.03622700765
@oh_anthonio,4.42909383473
@clairegeist,-0.363848659971
@justinliv,8.09590112452
@blaireadiebee,0.991634283136
@iamgalla,2.97822171576
@apairandaspare,8.6341992632
@tinaleung,-0.505942567856
@cindiddy,7.43728171673
@vnikali,2.46785039007
@elleiconlee,2.48399137373
@christingc,3.76119865154
@popbee,1.91865964183
@thewanderlister,4.07139216178
@youmnaelshafeiy_makeupartist,5.43118026357
@aylinstudiio,0
@mimitrend,-2.8471037041
@naijayarnz,28.1270194814
@cristianocalzature,-6.5776916388
@ohmiloveit,-19.4822704202
@lacaprichossa,3.73838228039
@street_style_paris,4.61878190301
@toasty_a,8.28355523061
@sanantoniotidbits,7.1785595727
@spurscoyote,4.94169060612
@bexargoods,7.32422018886
@igsanantonio,5.52884323959
@lonestarsouthern,7.59706812173
@kyla.shay,4.14214541678
@claudiaalende,2.20173771026
@waseemstark,-4.61299905338
@jenselter,2.24202479424
@deck_sotto,1.14125459247
@shop.style.snap,2.62170914087
@so___whatt,0.41888287205
@cornetmamabolo,19.9916899127
@iilove.closet,0.808863044641
@chamsko.pl,0.991770022062
@ebadolrahman,0
@sacross,-0.0754030936894
@walterwanderleytv,3.80764504331
@letshoppingwithme,-0.221738414495
@julietangus,3.22767084083
@fiftyshadesmovie,5.31214162354
@discodaydream,8.98372490318
@thestyleclubla,1.10502129633
@beyonce,-0.234487804855
@cocoloco_girl,-0.915641270136
@__viva_la_moda__,0.434076716157
@fashiondesfemmes,1.18802526469
@riccardotisci17,-0.689302540109
@givenchyofficial,11.6713608371
@wwd,4.91339213577
@careergirldaily,6.2775771565
@chrisellelim,5.80855925816
@char1es,4.97251642605
@thebalibible,6.60146311865
@shewearsfashion,7.06799361826
@caraasantana,3.54405970116
@2snapsandatwirl,4.25083544465
@ninarobinsonnyc,7.42396574496
@mattblack_blackmatt,0.704204557189
@mattslaby,8.18510618938
@bythebrush,5.08635473864
@mrantooine,1.25590573707
@timlampe,11.1585263916
@meltjoeng,2.64795915427
@camrindengel,1.54304466214
@joshualott,1.94449124628
@skylerwagoner,6.51074944563
@belebenard,6.34932091559
@aabbyylou,6.92812809973
@bydvnlln,0.0469891499782
@johnstanmeyer,5.87128002963
@patricialaydorsey,6.74869332337
@wideeyedlegless,1.0854081809
@misvincent,3.55889281469
@brettbrooner,0.342207780888
@johnnylace,2.85258760005
@stellamariabaer,15.3304494255
@thomas_prior,0.914517944297
@robertwtobin,-0.647258680825
@waywardspark,6.2111102813
@charlesmostoller,3.31057637002
@jesse_burke,2.12323249517
@kendrickbrinson,2.08497760402
@thesdcowgirl,3.13368692226
@thiswildidea,0.622389858748
@mattcrump,2.37138346059
@ryan_thayne,4.3615151532
@shanelavalette,0.823983722929
@taylortippett,9.84751940031
@stacykranitz,0.7287876371
@manofmanytastes,8.41228980457
@morgansmith,1.03898445962
@elegant_attire,19.2534217457
@chef_balqees,1.22489270761
@elegant_divas,-1.39664463667
@mapasekamokwele,0.945157735552
@top.promote,5.67667860292
@hendriansyah76_official,5.22808526646
@melynnlipstick,-23.8532174784
@thekeyofstyle,1.68741142288
@thesilksneaker,6.48537652364
@fidm,12.8877958284
@nicolettareggio,0.392618182702
@youngadventuress,6.72009922825
@holsterfashion,3.03897861408
@klasse14,-3.79599478468
@lacenheelsboutique,1.42007422893
