@styleheroine,3.01912908459
@yasalamfashionblog,5.53141365611
@helenabordon,0.439285381841
@tk_wonder,8.17672827734
@eaemileeanne,5.00088411247
@frassyaudrey,7.12973477769
@dressingoutsidethebox,17.7273736286
@karenbritchick,30.0699943811
@styleontarget,4.81672730626
@kaitlinkkeegan,9.08365956252
@songofstyle,5.53542519939
@juliahengel,20.2274132265
@sincerelyjules,2.92874942774
@peaceloveshea,2.22876187341
@happilygrey,3.46733547149
@zanitazanita,6.74480952571
@weworewhat,3.78222058027
@tuulavintage,2.28613750796
@oliviapalermo,4.35152471537
@miraduma,1.41049890804
@vivaluxuryblog,7.45709897382
@hellofashionblog,8.05932022612
@kattanita,16.9349012773
@walkinwonderland,3.30778694279
@caraloren,4.33600476223
@lovelypepa,9.16343075132
@negin_mirsalehi,4.58764912236
@thassianaves,2.66256963495
@camilacoutinho,-0.0567242324517
@whitneybearr,3.45040139279
@the_salty_blonde,6.61205186717
@littlemissfearlessblog,7.47374641653
@truelane,6.23599571822
@donatella_versace,2.55799766784
@ngoldenberg,3.33885896023
@kendalljenner,3.83550023268
@anna_dello_russo,4.7617445786
@gigihadid,5.43876857913
@carineroitfeld,1.61560678747
@mertalas,5.10630993242
@lenaperminova,0.954953528919
@privategg,5.1367930573
@bat_gio,3.82715196087
@whowhatwear,5.80147140141
@evachen212,5.2295844859
@mirandakerr,3.60562558352
@caradelevingne,2.47863904752
@veronikaheilbrunner,4.25524322056
@tommyton,1.69431445493
@marieclaireuk,7.84164049267
@twitter,4.40106366116
@thehautepursuit,3.75229513664
@lucywilliams02,5.43440291925
@thefrugality,4.45299068232
@adenorah,1.99079686613
@trineswardrobe,3.01790428316
@yara_michels,8.30556062827
@anoukyve,4.21971449729
@accordingtoblaire,12.9948275558
@shalicenoel,6.78613074459
@loveandloathingla,10.5550836615
@kelsey_white,1.44217972492
@helloitsroxie,4.71694810377
@glamobserver,17.1979963229
@luisafere,6.53641473576
@gabifresh,2.34108525902
@nicolettemason,3.39542330153
@a_southerndrawl,12.6542418284
@meganrunionmcr,10.6254166973
@rumineely,0
@alicezielasko,2.62681355127
@lateafternoon,4.6596045356
@lusttforlife,3.70838512583
@theglamourai,3.97416264345
@sjpcollection,7.66942953812
@kenzasmg,2.5864125079
@daphnemodeandthecity,13.0638838639
@adelinerapon,1.08891758422
@eppcoline,4.393757661
@rozalia_russian,9.06312413241
@rozalia.com.au,8.69702389975
@fredrdgz,6.51466640676
@marianodivaio,3.18113399052
@oliworlds,5.02399937824
@oliviakijo,1.73330068987
@thefashionaround,0
@matthewzorpas,5.84857132408
@theglobalgirl,6.66569667556
@tini_tani,1.47521425151
@whichclothestoday,6.91089017906
@racheletnicole,3.73802231973
@milexr,0
@luanna90,5.98004727164
@littleblackboots,5.52219955219
@christophschaller,2.9074863877
@chicityfashion,1.2831034189
@retroflame,13.977212172
@alexanderkenton,5.99274820057
@gvozdishe,0
@larisacostea,6.58586117376
@myshowroomblog,5.47836724138
@feralcreature,11.4557398213
@superwowomg,31.5338074518
@soniaeryka,3.38256149308
@ellemayleckenby,2.95271843859
@redreidinghood,2.05520867759
@diariodeestilo,5.05537344458
@karxlina,8.4285647326
@livpurvis,6.72137603737
@inthefrow,6.38357269326
@erica_davies,6.64237216421
@monicabeatrice,8.77116675874
@dressyourguests,12.4392272514
@kittehinfurs,7.58424390362
@cupcakesloveme,3.20893879843
@fullerfigurefullerbust,3.72867579399
@teerwayde,4.94944048037
@nadiaaboulhosn,11.9952623906
@itsmekellieb,6.3729164511
@bbwgeneration,14.6163870138
@girlwithcurves,4.79487789721
@kobi_jae,5.74384261574
@cleofernandes,1.10408132295
@curvesandchaos,18.031819652
@mariesouthardospina,11.4901403732
@epiclylaterd,2.89828517039
@ilanusglazer,4.15447098401
@mallorybby,12.647642134
@krystalschlegel,4.48679083958
@nanysklozet,8.01597404302
@princepelayo,3.3406121862
@troprouge,2.30267860858
@smashleybell,5.3874386056
@brooklynblonde1,4.65968308441
@oh_anthonio,9.03902013544
@clairegeist,1.50536245676
@justinliv,11.8804892272
@blaireadiebee,4.81053804998
@iamgalla,2.65651131848
@apairandaspare,7.33391738496
@tinaleung,0.860741655056
@cindiddy,29.5558013353
@vnikali,18.6117515993
@elleiconlee,3.75877449991
@christingc,5.23942157214
@popbee,3.17451572531
@thewanderlister,10.6576429856
@youmnaelshafeiy_makeupartist,18.0344610139
@aylinstudiio,0
@mimitrend,36.4912658224
@naijayarnz,9.07094226233
@cristianocalzature,31.4502898481
@ohmiloveit,20.5003495953
@lacaprichossa,3.39397013777
@street_style_paris,4.21433186335
@toasty_a,14.54202207
@sanantoniotidbits,7.49358339547
@spurscoyote,2.14811175845
@bexargoods,9.22638512635
@igsanantonio,2.65119975025
@lonestarsouthern,9.63319380524
@kyla.shay,4.91427254752
@claudiaalende,2.45497586241
@waseemstark,13.5206779516
@jenselter,4.46370042209
@deck_sotto,7.62737289371
@shop.style.snap,8.28342515743
@so___whatt,0
@cornetmamabolo,8.34646902085
@iilove.closet,4.34424317021
@chamsko.pl,2.32905304832
@ebadolrahman,0
@sacross,3.79990720992
@walterwanderleytv,0.66411356354
@letshoppingwithme,16.7085037375
@julietangus,9.925071797
@fiftyshadesmovie,6.22877414637
@discodaydream,7.35115336009
@thestyleclubla,8.91054787522
@beyonce,1.86482543165
@cocoloco_girl,6.84897021615
@__viva_la_moda__,11.1027830005
@fashiondesfemmes,3.83159246216
@riccardotisci17,4.56978424607
@givenchyofficial,10.2841444579
@wwd,5.45656121406
@careergirldaily,2.63991337453
@chrisellelim,5.47185731564
@char1es,4.6465852472
@thebalibible,12.8873629445
@shewearsfashion,7.72490838455
@caraasantana,3.74773966026
@2snapsandatwirl,1.40267059822
@ninarobinsonnyc,7.00221891419
@mattblack_blackmatt,2.0876170472
@mattslaby,11.0511525204
@bythebrush,5.02338437414
@mrantooine,0.88772378536
@timlampe,5.8727026156
@meltjoeng,5.23283510284
@camrindengel,10.2821956195
@joshualott,1.87862135982
@skylerwagoner,8.4911643093
@belebenard,2.08795934689
@aabbyylou,10.405195655
@bydvnlln,6.63213925233
@johnstanmeyer,4.00733981786
@patricialaydorsey,4.69043385582
@wideeyedlegless,1.60798285987
@misvincent,4.55792992089
@brettbrooner,2.72650579187
@johnnylace,0.986555141042
@stellamariabaer,10.1496012697
@thomas_prior,0.914309660639
@robertwtobin,2.12344454369
@waywardspark,9.84290729887
@charlesmostoller,2.87560041297
@jesse_burke,2.70684125313
@kendrickbrinson,2.86199014845
@thesdcowgirl,11.5351875222
@thiswildidea,5.25654446365
@mattcrump,4.52294446189
@ryan_thayne,9.38442170858
@shanelavalette,0
@taylortippett,15.9608349998
@stacykranitz,0.231594613404
@manofmanytastes,5.98513648882
@morgansmith,4.99348207093
@elegant_attire,18.105000186
@chef_balqees,0
@elegant_divas,2.88472574515
@mapasekamokwele,6.93341815755
@top.promote,10.474980296
@hendriansyah76_official,6.25607329577
@melynnlipstick,13.2626183046
@thekeyofstyle,1.85516968449
@thesilksneaker,7.56173710811
@fidm,5.84127003085
@nicolettareggio,3.03076407616
@youngadventuress,7.35694228913
@holsterfashion,7.93549531641
@klasse14,20.0690109926
@lacenheelsboutique,13.2384888897
