@styleheroine,-0.0860186479798
@yasalamfashionblog,3.52530448542
@helenabordon,-0.24434233501
@tk_wonder,3.21464165349
@eaemileeanne,5.69370449183
@frassyaudrey,0.871504695845
@dressingoutsidethebox,4.32828268471
@karenbritchick,17.3604026538
@styleontarget,5.52904053458
@kaitlinkkeegan,9.00970003617
@songofstyle,8.02842757622
@juliahengel,11.2638420812
@sincerelyjules,0.56665742005
@peaceloveshea,1.66443975802
@happilygrey,1.25664767082
@zanitazanita,2.29700924891
@weworewhat,3.56064057803
@tuulavintage,2.58622388738
@oliviapalermo,3.59207899708
@miraduma,-0.0214008153894
@vivaluxuryblog,5.64359735141
@hellofashionblog,9.62846426623
@kattanita,14.8193177043
@walkinwonderland,4.14175225899
@caraloren,6.91686440679
@lovelypepa,4.82344847863
@negin_mirsalehi,2.62420978757
@thassianaves,2.12301385967
@camilacoutinho,1.94153829414
@whitneybearr,2.69610165359
@the_salty_blonde,8.33032863732
@littlemissfearlessblog,5.17695293215
@truelane,8.31306587685
@donatella_versace,4.03282293977
@ngoldenberg,1.92829342876
@kendalljenner,1.33943191455
@anna_dello_russo,3.95585214825
@gigihadid,5.63819932337
@carineroitfeld,1.15878259754
@mertalas,-0.725014830427
@lenaperminova,0.123536266266
@privategg,2.9315709704
@bat_gio,1.47311810435
@whowhatwear,1.80027754029
@evachen212,3.37363008446
@mirandakerr,2.76022195493
@caradelevingne,2.89953859854
@veronikaheilbrunner,2.01159145909
@tommyton,3.14789093126
@marieclaireuk,4.29070325816
@twitter,2.11394332081
@thehautepursuit,0.900309324648
@lucywilliams02,3.5967714924
@thefrugality,3.24632152192
@adenorah,4.33295353205
@trineswardrobe,2.73481809578
@yara_michels,5.93816076483
@anoukyve,2.48718960517
@accordingtoblaire,11.658387785
@shalicenoel,7.20018657834
@loveandloathingla,7.64431059894
@kelsey_white,2.58950540134
@helloitsroxie,1.74023311943
@glamobserver,2.91251368795
@luisafere,6.76485267931
@gabifresh,1.44998294598
@nicolettemason,2.59155967014
@a_southerndrawl,18.0458190032
@meganrunionmcr,9.5216945573
@rumineely,0.443337652721
@alicezielasko,0.726966805909
@lateafternoon,2.037559279
@lusttforlife,3.02646263344
@theglamourai,1.04062049805
@sjpcollection,5.42197957171
@kenzasmg,3.52960952822
@daphnemodeandthecity,8.74615231154
@adelinerapon,1.56297738423
@eppcoline,1.10119984052
@rozalia_russian,5.50239184761
@rozalia.com.au,9.92823903742
@fredrdgz,3.91661579562
@marianodivaio,3.28737435314
@oliworlds,0.410043664595
@oliviakijo,1.68551527785
@thefashionaround,0
@matthewzorpas,4.63460370168
@theglobalgirl,1.81035898733
@tini_tani,2.10964092213
@whichclothestoday,7.76529111228
@racheletnicole,3.31674304293
@milexr,0
@luanna90,7.01172162964
@littleblackboots,5.67464419544
@christophschaller,1.32777302438
@chicityfashion,0.370895545681
@retroflame,9.19372131295
@alexanderkenton,8.10607330608
@gvozdishe,-0.382199636773
@larisacostea,2.91047571511
@myshowroomblog,3.41031636237
@feralcreature,5.45912516656
@superwowomg,15.4502182919
@soniaeryka,2.43590300693
@ellemayleckenby,-0.337606359618
@redreidinghood,4.7318097695
@diariodeestilo,3.65755582091
@karxlina,5.22339533591
@livpurvis,5.99834141692
@inthefrow,9.05144518986
@erica_davies,3.45479353903
@monicabeatrice,10.2639331587
@dressyourguests,12.734787422
@kittehinfurs,5.20990217313
@cupcakesloveme,4.86074479871
@fullerfigurefullerbust,3.32944643969
@teerwayde,3.70742241249
@nadiaaboulhosn,7.36561883481
@itsmekellieb,5.88761588445
@bbwgeneration,8.16772415061
@girlwithcurves,3.62714730788
@kobi_jae,3.37143599716
@cleofernandes,1.23154546159
@curvesandchaos,9.28717194611
@mariesouthardospina,1.137920264
@epiclylaterd,1.79094784507
@ilanusglazer,3.1900874955
@mallorybby,16.4085045094
@krystalschlegel,6.62216336108
@nanysklozet,6.82980200321
@princepelayo,3.88002335586
@troprouge,1.10110947443
@smashleybell,2.51019464277
@brooklynblonde1,3.88688674169
@oh_anthonio,6.04946597259
@clairegeist,0.232155047004
@justinliv,5.12561679449
@blaireadiebee,6.03742308809
@iamgalla,1.27784421055
@apairandaspare,2.08959665821
@tinaleung,0.640802621814
@cindiddy,10.4884723897
@vnikali,5.61522405835
@elleiconlee,3.4519298557
@christingc,4.14563272601
@popbee,1.18482165977
@thewanderlister,4.65000446166
@youmnaelshafeiy_makeupartist,20.4257546425
@aylinstudiio,0
@mimitrend,25.0521184241
@naijayarnz,1.02468987003
@cristianocalzature,51.2364621794
@ohmiloveit,9.453992855
@lacaprichossa,0.99257493642
@street_style_paris,2.89680349208
@toasty_a,16.4880191259
@sanantoniotidbits,3.70089428905
@spurscoyote,3.35952430023
@bexargoods,5.54390903641
@igsanantonio,0.46600990715
@lonestarsouthern,14.6983947131
@kyla.shay,2.75345354237
@claudiaalende,4.48989701189
@waseemstark,8.16357138574
@jenselter,6.0302811795
@deck_sotto,6.41520133065
@shop.style.snap,10.5802727434
@so___whatt,0.0690508530418
@cornetmamabolo,0.257406606777
@iilove.closet,0.672107921177
@chamsko.pl,0.418992771013
@ebadolrahman,0
@sacross,4.16986287487
@walterwanderleytv,1.1364748596
@letshoppingwithme,12.0811349069
@julietangus,11.2785918669
@fiftyshadesmovie,-1.19384455771
@discodaydream,8.63857325353
@thestyleclubla,8.94527528842
@beyonce,1.66308938436
@cocoloco_girl,3.79189515635
@__viva_la_moda__,-0.0509418961487
@fashiondesfemmes,0.345220002406
@riccardotisci17,3.06481628775
@givenchyofficial,5.38191343835
@wwd,4.08849546302
@careergirldaily,2.84249254615
@chrisellelim,2.41840526557
@char1es,0.0611830165855
@thebalibible,11.6053108345
@shewearsfashion,2.90805783178
@caraasantana,4.48423878684
@2snapsandatwirl,-0.212562835043
@ninarobinsonnyc,2.95940852144
@mattblack_blackmatt,0.0773223312905
@mattslaby,1.09485191382
@bythebrush,0.562320947102
@mrantooine,0.4162545414
@timlampe,2.33588662982
@meltjoeng,2.51864341567
@camrindengel,5.11760593468
@joshualott,1.5487534076
@skylerwagoner,9.19522615516
@belebenard,2.79919503353
@aabbyylou,8.13828858373
@bydvnlln,6.59395140893
@johnstanmeyer,0.0665295022067
@patricialaydorsey,4.80122848903
@wideeyedlegless,1.5022596547
@misvincent,1.59182665688
@brettbrooner,2.03574868059
@johnnylace,0.319220417454
@stellamariabaer,4.0588635141
@thomas_prior,1.16937178459
@robertwtobin,1.50960236839
@waywardspark,6.3396902718
@charlesmostoller,2.77236395336
@jesse_burke,4.44952484691
@kendrickbrinson,2.00213487405
@thesdcowgirl,3.27919577548
@thiswildidea,4.89122144206
@mattcrump,3.50190586921
@ryan_thayne,3.65219401601
@shanelavalette,0.181560491476
@taylortippett,9.56160116552
@stacykranitz,2.38271010589
@manofmanytastes,1.07879770275
@morgansmith,8.10727010072
@elegant_attire,38.0542555829
@chef_balqees,-0.658090279565
@elegant_divas,2.7296915448
@mapasekamokwele,4.85222360484
@top.promote,11.7904212108
@hendriansyah76_official,13.9112315339
@melynnlipstick,26.8910946473
@thekeyofstyle,9.77409834951
@thesilksneaker,9.03153709707
@fidm,4.57820449369
@nicolettareggio,1.19718958099
@youngadventuress,6.7719157638
@holsterfashion,4.54451653402
@klasse14,1.93871356516
@lacenheelsboutique,5.40825094553
