@styleheroine,4.35240799165
@sylviahaghjoo,9.36149064028
@giizeleoliveira,1.75435331181
@indiaroseco,5.86456613847
@alealimay,1.68748123773
@thefashionguitar,3.3786772481
@helenabordon,3.21989139609
@frassyaudrey,3.50888079994
@dressingoutsidethebox,11.2434748968
@karenbritchick,17.5378966524
@styleontarget,3.78194175126
@kaitlinkkeegan,10.2675432365
@songofstyle,4.39425564147
@juliahengel,14.9627005939
@sincerelyjules,2.29957951079
@chiaraferragni,1.63855386425
@rachparcell,6.86608278669
@happilygrey,0.552254403556
@emilyschuman,3.08555277349
@zanitazanita,7.62560821661
@tuulavintage,4.23199627609
@chrisellelim,5.89657641933
@oliviapalermo,2.41086554672
@miraduma,3.63854022538
@vivaluxuryblog,5.84035836984
@hellofashionblog,6.73939758705
@caraloren,7.23477677149
@xandervintage,4.14892351358
@somethingnavy,2.90353084974
@amberfillerup,10.5681766821
@lovelypepa,3.81592906908
@negin_mirsalehi,2.90248301477
@thassianaves,7.66028706603
@camilacoutinho,4.77988962727
@garypeppergirl,3.94638065346
@whitneybearr,2.53148198573
@bittersweetcolours,11.4901097443
@donatella_versace,3.20999365563
@ngoldenberg,3.09944772838
@mduenasjacobs,2.85597674961
@kendalljenner,2.97843117405
@anna_dello_russo,1.24087588199
@hamishbowles,7.64867637045
@carineroitfeld,1.22743390199
@mertalas,8.98661775661
@lenaperminova,2.4930934375
@bat_gio,1.97355382383
@zannarassi,8.91049815849
@whowhatwear,13.3410463181
@iamnaomicampbell,3.59578605301
@mirandakerr,3.34083840905
@veronikaheilbrunner,3.06748652361
@telegraphfashion,8.79124563383
@michellemquinn,6.71612118509
@twitter,8.32611215108
@coastaldotcom,17.0545716102
@freddieharrel,7.3125713689
@thehautepursuit,3.36404762605
@thefrugality,4.12168528104
@adenorah,4.00907460438
@yara_michels,1.77432876985
@accordingtoblaire,7.96750511969
@modernensemble,5.44285833165
@racquelnatasha,6.28579268919
@shalicenoel,4.35920054641
@kelsey_white,1.07472616509
@caviarandcashmere,2.16891759198
@soheatherblog,10.108724584
@zinafashionvibe,5.24774650943
@nausheenshah,6.95386992828
@luisafere,7.11215872596
@gabifresh,1.73864289975
@meganrunionmcr,7.34423761113
@brightonkeller,6.25346030264
@alicezielasko,2.98674227882
@alixcherry,6.96348039062
@lusttforlife,3.89846104573
@fashionistable,5.46649125348
@garancedore,7.20075956558
@louisepando,6.8587202394
@makemylemonade,6.05259302922
@daphnemodeandthecity,26.0629751567
@tokyobanhbao,14.4515452381
@fredrdgz,5.46234096098
@marianodivaio,2.39624999097
@oliworlds,4.72899434714
@oliviakijo,1.96230329885
@thefashionaround,0
@matthewzorpas,5.97301585541
@theglobalgirl,4.13669445577
@tini_tani,0.28762369235
@trineswardrobe,2.38305587766
@milexr,0
@littleblackboots,7.16279635681
@christophschaller,3.88861986461
@chicityfashion,0.00126323890707
@retroflame,8.52250860072
@alexanderkenton,6.77206841756
@kenzasmg,7.69581059065
@myneonrock,0.823110879028
@gvozdishe,0.0677989498773
@larisacostea,12.9213762502
@myshowroomblog,5.81032109837
@mkoesnadi,6.34209885767
@feralcreature,7.89329734873
@nanciemwai,4.52170594469
@superwowomg,14.7503693793
@ellemayleckenby,3.88043525834
@redreidinghood,3.64202963414
@diariodeestilo,5.818189885
@karxlina,3.34498963663
@livpurvis,5.69940096853
@inthefrow,7.78682489833
@erica_davies,-0.129842722723
@kittehinfurs,3.28847939904
@cupcakesloveme,1.76403415775
@teerwayde,2.30641285138
@itsmekellieb,7.38776683654
@thisisashrose,4.58490415371
@girlwithcurves,5.02506380375
@kobi_jae,4.11666108724
@cleofernandes,3.58225262054
@curvesandchaos,16.0695028136
@emmajanekepley,2.20451753123
@epiclylaterd,3.70834300578
@theadventurehandbook,7.24089576034
@the_modestmom,-0.0191544612936
@mallorybby,8.64674339892
@nanysklozet,17.256639008
@princepelayo,6.59856239578
@troprouge,1.30360453701
@smashleybell,3.54190741452
@brooklynblonde1,4.99398393359
@oh_anthonio,4.47603532905
@clairegeist,1.4366700645
@iamgalla,4.56410080623
@honestlywtf,1.43911111483
@theserenagoh,1.8382087164
@apairandaspare,7.56936519517
@tinaleung,0.888524260614
@vnikali,5.06530478499
@elleiconlee,2.72160820036
@christingc,4.23089819119
@popbee,3.24505136337
@youmnaelshafeiy_makeupartist,12.4740224578
@mimitrend,2.76181370487
@naijayarnz,24.5118429435
@cristianocalzature,1.13371664595
@lacaprichossa,6.27641188083
@fashionsteams,2.04235154205
@street_style_paris,4.09730484649
@toasty_a,9.29665072463
@thestoribook,13.6006856408
@s.a.vory,5.97300284234
@bexargoods,6.2277202537
@puropinchesa,11.2976262542
@urbansanantonio,8.32907978893
@kattanita,11.8667583413
@lonestarsouthern,10.782638401
@laurenconrad_com,11.5195029388
@mariannnan,1.22714818224
@kyla.shay,3.87103823208
@claudiaalende,6.29167272181
@waseemstark,2.73422784439
@shop.style.snap,5.06240630038
@so___whatt,0.330934396095
@cornetmamabolo,12.9622559738
@iilove.closet,3.6454635561
@nationtv22,0.132183959507
@chamsko.pl,1.73775113178
@ebadolrahman,0
@littleemilywang,5.03437500159
@simplyabudhabi,46.760471835
@tatarstan_today,-0.000715844028616
@sacross,5.22240679214
@walterwanderleytv,5.01402257941
@letshoppingwithme,23.2814086332
@brechocleta,1.05132014919
@playpad_children,0.0832208863163
@kekepalmer,1.2188887999
@chase,11.7541456656
@blaireadiebee,3.74111277067
@onesmallblonde,4.48971280466
@fiftyshadesmovie,7.10447754196
@discodaydream,7.9245884688
@thestyleclubla,5.39257189238
@beyonce,1.17739033579
@cocoloco_girl,0.739467696455
@__viva_la_moda__,-3.86225114516
@fashiondesfemmes,3.12440579413
@riccardotisci17,2.69910010263
@givenchyofficial,7.3372281846
@wwd,3.32326370027
@careergirldaily,5.47187525708
@thebalibible,15.538711385
@hellyluv,7.26265278188
@arni_coraldo,11.1537609969
@ryannealcordwell,4.11114965944
@ninarobinsonnyc,5.03826650649
@mattblack_blackmatt,2.15946459639
@mattslaby,8.88755010304
@neivy,10.8777579013
@bythebrush,3.81207848672
@timlampe,7.00988141798
@camrindengel,5.23747776407
@joshualott,2.48634949599
@reallykindofamazing,6.03994046181
@aabbyylou,9.83854000994
@johnstanmeyer,5.97477541426
@wideeyedlegless,1.21982254333
@misvincent,4.7581989468
@amivitale,10.592700132
@brettbrooner,1.48504249567
@johnnylace,1.73789080073
@stellamariabaer,9.29020516082
@thomas_prior,-0.0353130668755
@burkhartsokc,1.69587212428
@charlesmostoller,7.98701649604
@jesse_burke,4.95871126904
@kendrickbrinson,3.05279218264
@thesdcowgirl,3.78985613884
@thiswildidea,6.71843100784
@mattcrump,5.41321758938
@ryan_thayne,6.67603007872
@shanelavalette,0.129945072978
@taylortippett,10.6162975358
@dguttenfelder,3.59899426204
@morgansmith,3.28847407118
@elegant_attire,24.0827430178
@the_royal_couture,24.8946158713
@chef_balqees,-0.515044643322
@elegant_divas,-0.472757407194
@jahaze_aroos,0
@top.promote,40.6554101879
@nailkaterina,0
@hendriansyah76_official,11.5829114625
@fidm,11.2858275353
@youngadventuress,10.7494193873
@holsterfashion,8.16952089747
@klasse14,7.74907182098
