@styleheroine,4.65712129954
@yasalamfashionblog,2.93840615127
@helenabordon,3.7626944166
@tk_wonder,10.6506852372
@eaemileeanne,2.44738084073
@frassyaudrey,7.19068885225
@dressingoutsidethebox,19.896568781
@karenbritchick,28.566825306
@styleontarget,6.88082317222
@kaitlinkkeegan,10.1289358595
@songofstyle,9.12775488442
@juliahengel,20.0763461708
@sincerelyjules,3.67996925882
@peaceloveshea,4.30431824087
@happilygrey,2.71617292798
@zanitazanita,6.90996800162
@weworewhat,3.67359757819
@tuulavintage,1.92458572226
@oliviapalermo,4.24507240839
@miraduma,3.20649524636
@vivaluxuryblog,10.4057474018
@hellofashionblog,6.55810431142
@kattanita,20.0372541917
@walkinwonderland,8.51496836701
@caraloren,5.21143472102
@lovelypepa,7.21970297106
@negin_mirsalehi,4.60162660784
@thassianaves,4.61127937822
@camilacoutinho,3.34344361984
@whitneybearr,4.66281779954
@the_salty_blonde,5.28446059587
@littlemissfearlessblog,7.84664463018
@truelane,7.17403511864
@donatella_versace,2.59022032159
@ngoldenberg,2.45821016506
@kendalljenner,2.33751278908
@anna_dello_russo,6.36948627393
@gigihadid,9.22947765968
@carineroitfeld,1.45813098773
@mertalas,6.50442650669
@lenaperminova,2.25466474669
@privategg,5.998670331
@bat_gio,3.27553982685
@whowhatwear,6.18936813973
@evachen212,7.68186020739
@mirandakerr,4.38602034266
@caradelevingne,0.791756096986
@veronikaheilbrunner,8.80411116445
@tommyton,3.92960654852
@marieclaireuk,13.5834976033
@twitter,2.84537246391
@thehautepursuit,3.99231855715
@lucywilliams02,7.12167271162
@thefrugality,2.72203514881
@adenorah,2.64265014877
@trineswardrobe,1.55886361425
@yara_michels,7.058678826
@anoukyve,6.02186983237
@accordingtoblaire,15.5465800324
@shalicenoel,10.5800936155
@loveandloathingla,9.85067826852
@kelsey_white,1.14373286114
@helloitsroxie,2.09920767941
@glamobserver,8.01775373805
@luisafere,4.37590847284
@gabifresh,3.78339772835
@nicolettemason,3.6542181679
@a_southerndrawl,23.2440983251
@meganrunionmcr,9.31808565434
@rumineely,0
@alicezielasko,2.54351984772
@lateafternoon,3.92509177523
@lusttforlife,7.35352199756
@theglamourai,4.52744651328
@sjpcollection,9.97818097101
@kenzasmg,3.44461835653
@daphnemodeandthecity,11.4683252543
@adelinerapon,1.85784970389
@eppcoline,5.74142482996
@rozalia_russian,11.1888686183
@rozalia.com.au,2.39493213866
@fredrdgz,4.6343340316
@marianodivaio,2.30083332653
@oliworlds,3.41794068081
@oliviakijo,0.958372841529
@thefashionaround,0
@matthewzorpas,4.76993784184
@theglobalgirl,10.1785614152
@tini_tani,0.620368005723
@whichclothestoday,5.38131170458
@racheletnicole,3.35283452971
@milexr,0
@luanna90,6.76768527838
@littleblackboots,7.9197081935
@christophschaller,3.09836429949
@chicityfashion,0.323848282464
@retroflame,15.151976587
@alexanderkenton,7.49788791823
@gvozdishe,0
@larisacostea,8.08898818501
@myshowroomblog,5.20386637679
@feralcreature,9.67564128049
@superwowomg,27.8760033436
@soniaeryka,1.7463740454
@ellemayleckenby,1.84191024778
@redreidinghood,3.64712849946
@diariodeestilo,5.14900512619
@karxlina,8.89829279503
@livpurvis,6.71581456209
@inthefrow,12.4630662661
@erica_davies,5.77191795845
@monicabeatrice,11.638231177
@dressyourguests,16.5496287858
@kittehinfurs,8.19163844524
@cupcakesloveme,2.22570807272
@fullerfigurefullerbust,5.06119508289
@teerwayde,6.10773677256
@nadiaaboulhosn,12.3766699067
@itsmekellieb,6.61190478192
@bbwgeneration,9.17265050491
@girlwithcurves,3.971231285
@kobi_jae,8.3420349336
@cleofernandes,1.46573805513
@curvesandchaos,15.4184645993
@mariesouthardospina,14.6812281872
@epiclylaterd,1.36010912907
@ilanusglazer,4.96456278754
@mallorybby,19.2366605086
@krystalschlegel,13.2359603631
@nanysklozet,12.4471608962
@princepelayo,4.66247257425
@troprouge,4.55675219431
@smashleybell,5.76936743168
@brooklynblonde1,5.19210459975
@oh_anthonio,7.44735853107
@clairegeist,2.85066772955
@justinliv,12.7016083678
@blaireadiebee,8.44041731657
@iamgalla,1.82812043107
@apairandaspare,5.85492866399
@tinaleung,1.64900069898
@cindiddy,20.2901795212
@vnikali,22.8907638505
@elleiconlee,3.38035509204
@christingc,4.20026251997
@popbee,5.21041785277
@thewanderlister,11.7405940666
@youmnaelshafeiy_makeupartist,34.7858012794
@aylinstudiio,0
@mimitrend,46.1981545146
@naijayarnz,11.3421581538
@cristianocalzature,12.143587656
@ohmiloveit,45.4123031979
@lacaprichossa,2.82174007499
@street_style_paris,3.0322745205
@toasty_a,12.8120883013
@sanantoniotidbits,8.13427957391
@spurscoyote,-0.484767147021
@bexargoods,4.62494728874
@igsanantonio,2.76160251736
@lonestarsouthern,11.233882805
@kyla.shay,9.11479012725
@claudiaalende,4.7312571818
@waseemstark,16.9498576344
@jenselter,1.26543528981
@deck_sotto,7.40028306645
@shop.style.snap,3.53143276619
@so___whatt,0
@cornetmamabolo,9.09818081475
@iilove.closet,5.11809795162
@chamsko.pl,1.27835738778
@ebadolrahman,0
@sacross,2.94685720771
@walterwanderleytv,-0.0500354927784
@letshoppingwithme,26.6424184319
@julietangus,12.0066386922
@fiftyshadesmovie,3.25528673433
@discodaydream,9.61494423263
@thestyleclubla,7.8858419891
@beyonce,0.699798150556
@cocoloco_girl,7.50276560944
@__viva_la_moda__,24.9604731068
@fashiondesfemmes,4.07838477631
@riccardotisci17,4.57031914852
@givenchyofficial,12.997789227
@wwd,4.88301893912
@careergirldaily,2.84666210011
@chrisellelim,4.67792317158
@char1es,5.02191176501
@thebalibible,11.3042745162
@shewearsfashion,9.46208042442
@caraasantana,2.37079454591
@2snapsandatwirl,1.9575595637
@ninarobinsonnyc,7.42500544485
@mattblack_blackmatt,2.77218656079
@mattslaby,5.48243662665
@bythebrush,4.9095087422
@mrantooine,0.860833324528
@timlampe,10.401111119
@meltjoeng,3.94288040971
@camrindengel,9.2672777308
@joshualott,1.78143106527
@skylerwagoner,9.1728927913
@belebenard,3.97148324825
@aabbyylou,12.9301179349
@bydvnlln,5.07796654942
@johnstanmeyer,4.06640711079
@patricialaydorsey,6.56228743493
@wideeyedlegless,2.98552858522
@misvincent,1.93639696197
@brettbrooner,3.42171230506
@johnnylace,1.00187483699
@stellamariabaer,8.31848940487
@thomas_prior,0.49563052865
@robertwtobin,2.67465599517
@waywardspark,8.92503897299
@charlesmostoller,4.41385677407
@jesse_burke,4.76252528199
@kendrickbrinson,3.04840163445
@thesdcowgirl,11.646460563
@thiswildidea,5.60052712675
@mattcrump,4.71700545553
@ryan_thayne,10.8611272357
@shanelavalette,0
@taylortippett,14.1053543886
@stacykranitz,1.16836439117
@manofmanytastes,5.97562316171
@morgansmith,5.81311416086
@elegant_attire,47.5132412264
@chef_balqees,0
@elegant_divas,19.774161132
@mapasekamokwele,6.39188378278
@top.promote,8.32756039746
@hendriansyah76_official,-6.13951535896
@melynnlipstick,56.5099505876
@thekeyofstyle,-1.67555530271
@thesilksneaker,6.12648347516
@fidm,2.05723125494
@nicolettareggio,2.77587875153
@youngadventuress,11.4897176847
@holsterfashion,5.43993762083
@klasse14,15.0688571046
@lacenheelsboutique,7.21628455065
