@styleheroine,-0.250342433436
@yasalamfashionblog,0.277368073165
@helenabordon,-0.956900177263
@tk_wonder,-0.152945448545
@eaemileeanne,0.829775461969
@frassyaudrey,-1.43960650257
@dressingoutsidethebox,9.80551524915
@karenbritchick,16.2100175766
@styleontarget,4.50344278176
@kaitlinkkeegan,0.387102283174
@songofstyle,5.5127211996
@juliahengel,-6.16137742429
@sincerelyjules,-0.0664341807011
@peaceloveshea,-0.0696895072311
@happilygrey,-1.34047808829
@zanitazanita,-2.56543526094
@weworewhat,1.91045896379
@tuulavintage,1.89090321632
@oliviapalermo,-0.753792793468
@miraduma,1.39006690018
@vivaluxuryblog,2.58278632067
@hellofashionblog,6.4854193972
@kattanita,0.0834950157694
@walkinwonderland,6.43378627552
@caraloren,4.63003855246
@lovelypepa,-1.68802016528
@negin_mirsalehi,-0.849024252704
@thassianaves,4.89433058301
@camilacoutinho,-1.22820960907
@whitneybearr,1.01733393403
@the_salty_blonde,1.44757223799
@littlemissfearlessblog,6.30021826028
@truelane,-1.03463417023
@donatella_versace,2.03286887572
@ngoldenberg,-1.2406718172
@kendalljenner,-1.19042220834
@anna_dello_russo,3.43944566232
@gigihadid,7.98449646094
@carineroitfeld,1.68482886202
@mertalas,-2.38729979598
@lenaperminova,0.121900351353
@privategg,0.723096858458
@bat_gio,-0.190651344446
@whowhatwear,-3.69782149072
@evachen212,2.86781097082
@mirandakerr,1.46928885499
@caradelevingne,1.84576049682
@veronikaheilbrunner,10.2438033553
@tommyton,0.782576537431
@marieclaireuk,-2.55784783706
@twitter,0.496639445996
@thehautepursuit,1.83488008557
@lucywilliams02,2.09574323066
@thefrugality,-4.75911918622
@adenorah,3.00804450706
@trineswardrobe,-2.50902176952
@yara_michels,5.6984815627
@anoukyve,1.1080998204
@accordingtoblaire,10.3919514187
@shalicenoel,9.16882357461
@loveandloathingla,6.33907735532
@kelsey_white,-0.355916797301
@helloitsroxie,2.18030120003
@glamobserver,2.25112800027
@luisafere,1.8292728635
@gabifresh,0.0628458914703
@nicolettemason,3.79883954897
@a_southerndrawl,18.010776059
@meganrunionmcr,5.57330913512
@rumineely,-0.288972766057
@alicezielasko,-1.1593019426
@lateafternoon,0.0632705046543
@lusttforlife,-1.23186612898
@theglamourai,-1.32487711478
@sjpcollection,-0.793815059478
@kenzasmg,0.0667044265493
@daphnemodeandthecity,-6.0777923352
@adelinerapon,0.101060071297
@eppcoline,-2.46869355102
@rozalia_russian,5.13717284052
@rozalia.com.au,-4.08103845464
@fredrdgz,0.375009802661
@marianodivaio,0.883168474762
@oliworlds,-0.645510284746
@oliviakijo,-1.39724881234
@thefashionaround,0
@matthewzorpas,2.21330288339
@theglobalgirl,-0.789953079982
@tini_tani,-1.19475433891
@whichclothestoday,2.1089035624
@racheletnicole,4.02254104544
@milexr,0
@luanna90,0.106855349732
@littleblackboots,1.42036233664
@christophschaller,-3.30638661209
@chicityfashion,-0.481270318696
@retroflame,5.23164407221
@alexanderkenton,7.27608301276
@gvozdishe,-0.462024273405
@larisacostea,0.133572318611
@myshowroomblog,-3.07298984161
@feralcreature,-0.76953645725
@superwowomg,-3.6137517232
@soniaeryka,1.10893478053
@ellemayleckenby,-2.5409205043
@redreidinghood,1.80907934688
@diariodeestilo,-2.32388961433
@karxlina,2.50197280154
@livpurvis,4.17958969108
@inthefrow,6.79252853784
@erica_davies,9.33944254751
@monicabeatrice,12.3035798006
@dressyourguests,9.67302237841
@kittehinfurs,6.36628408528
@cupcakesloveme,1.33380031334
@fullerfigurefullerbust,2.58123176691
@teerwayde,1.05412098101
@nadiaaboulhosn,3.12774328748
@itsmekellieb,1.09892555046
@bbwgeneration,2.28518680961
@girlwithcurves,3.95803302138
@kobi_jae,2.56736399204
@cleofernandes,-0.0767338297145
@curvesandchaos,1.92328301084
@mariesouthardospina,5.18027554316
@epiclylaterd,3.19347891585
@ilanusglazer,4.47348547761
@mallorybby,36.4038958884
@krystalschlegel,7.29330657758
@nanysklozet,-0.131142763146
@princepelayo,-3.70319047938
@troprouge,2.9609081633
@smashleybell,-1.5378226313
@brooklynblonde1,4.64293424445
@oh_anthonio,3.05540515958
@clairegeist,3.22781339796
@justinliv,-1.27119722773
@blaireadiebee,4.03671894846
@iamgalla,0.0334956993445
@apairandaspare,-2.60698346394
@tinaleung,-0.201091499242
@cindiddy,9.84090488013
@vnikali,4.6868195118
@elleiconlee,2.86824480599
@christingc,0.683283333441
@popbee,1.41645986152
@thewanderlister,0.238790571741
@youmnaelshafeiy_makeupartist,6.76655807422
@aylinstudiio,0
@mimitrend,18.2473366593
@naijayarnz,-13.5842210024
@cristianocalzature,2.5397770758
@ohmiloveit,33.7150822979
@lacaprichossa,-4.40561256156
@street_style_paris,-4.19577815106
@toasty_a,14.1098376783
@sanantoniotidbits,-2.20534226659
@spurscoyote,3.13458892301
@bexargoods,-5.51295459117
@igsanantonio,-1.44256204434
@lonestarsouthern,4.30161168585
@kyla.shay,-2.67901293547
@claudiaalende,2.46345255558
@waseemstark,7.16091912387
@jenselter,7.01316647245
@deck_sotto,3.66662648578
@shop.style.snap,-2.18603473999
@so___whatt,-0.11170842011
@cornetmamabolo,-3.5633184839
@iilove.closet,-0.635538245099
@chamsko.pl,-0.968158410554
@ebadolrahman,0
@sacross,2.8896657043
@walterwanderleytv,-1.19717907152
@letshoppingwithme,6.47324074432
@julietangus,6.97389918174
@fiftyshadesmovie,-2.28153984327
@discodaydream,4.47087501871
@thestyleclubla,3.18394087033
@beyonce,0.775307242511
@cocoloco_girl,4.91359952932
@__viva_la_moda__,-0.288422252425
@fashiondesfemmes,-0.593426010593
@riccardotisci17,1.04682692133
@givenchyofficial,-2.03766411971
@wwd,-2.70647044046
@careergirldaily,2.42107210021
@chrisellelim,2.96256312866
@char1es,1.12622324952
@thebalibible,-6.47271940938
@shewearsfashion,-3.43441152001
@caraasantana,0.705715593827
@2snapsandatwirl,-1.0845851205
@ninarobinsonnyc,-2.98964649403
@mattblack_blackmatt,-0.862736492425
@mattslaby,-10.136422236
@bythebrush,-1.14539773815
@mrantooine,-0.925759241049
@timlampe,-3.66974548656
@meltjoeng,-0.228427566215
@camrindengel,3.03598333512
@joshualott,-0.934293966243
@skylerwagoner,0.403708111822
@belebenard,1.24662894374
@aabbyylou,5.23986058732
@bydvnlln,2.0950331064
@johnstanmeyer,-4.94108176239
@patricialaydorsey,2.50882729172
@wideeyedlegless,0.684507249309
@misvincent,-0.337825460872
@brettbrooner,1.97707881426
@johnnylace,-0.602111187899
@stellamariabaer,2.09563945524
@thomas_prior,-0.74343336357
@robertwtobin,2.36420348636
@waywardspark,3.26350197824
@charlesmostoller,-5.73267182918
@jesse_burke,4.33826563265
@kendrickbrinson,2.89955052587
@thesdcowgirl,2.04485943142
@thiswildidea,3.56660621638
@mattcrump,4.77810235968
@ryan_thayne,-2.62284193297
@shanelavalette,-0.55451022219
@taylortippett,13.123094635
@stacykranitz,1.07786649144
@manofmanytastes,-5.83019757513
@morgansmith,8.11525926906
@elegant_attire,-17.6929803976
@chef_balqees,-0.279673844146
@elegant_divas,10.7575854023
@mapasekamokwele,8.05943019167
@top.promote,-4.45279805803
@hendriansyah76_official,-5.11164545572
@melynnlipstick,11.7433931996
@thekeyofstyle,-2.23036281244
@thesilksneaker,4.16533355118
@fidm,-4.49020874869
@nicolettareggio,1.26693161052
@youngadventuress,3.15711869403
@holsterfashion,-1.20425736738
@klasse14,-4.97019856581
@lacenheelsboutique,1.18006343926
