@styleheroine,3.31886213473
@yasalamfashionblog,1.9175200789
@helenabordon,0.268944459708
@tk_wonder,3.46657256814
@eaemileeanne,5.40278445538
@frassyaudrey,2.08989950473
@dressingoutsidethebox,14.1965480616
@karenbritchick,0.954763012633
@styleontarget,1.88301915794
@kaitlinkkeegan,8.22568143341
@songofstyle,7.66591728238
@juliahengel,1.63331533184
@sincerelyjules,1.78682385096
@peaceloveshea,1.13133774188
@happilygrey,0.355161848615
@zanitazanita,4.36220341661
@weworewhat,-0.922659865487
@tuulavintage,2.47622277269
@oliviapalermo,3.09267783762
@miraduma,0.901407972664
@vivaluxuryblog,0.604976352705
@hellofashionblog,1.1851089701
@kattanita,4.22862499419
@walkinwonderland,7.30845824324
@caraloren,0.835564954217
@lovelypepa,-1.85075717021
@negin_mirsalehi,1.72121508933
@thassianaves,0.484149497952
@camilacoutinho,7.2778339275
@whitneybearr,0.158241049592
@the_salty_blonde,7.5801847114
@littlemissfearlessblog,9.077290008
@truelane,1.80574248562
@donatella_versace,2.9466027323
@ngoldenberg,0.800923452255
@kendalljenner,0.975078421893
@anna_dello_russo,6.09351566328
@gigihadid,2.23724666995
@carineroitfeld,0.379892673998
@mertalas,0.983544420967
@lenaperminova,2.06570213147
@privategg,-0.310031395967
@bat_gio,-0.0972634026427
@whowhatwear,5.71210528014
@evachen212,2.75863485316
@mirandakerr,-0.19001315419
@caradelevingne,-0.533666686975
@veronikaheilbrunner,0.780795955317
@tommyton,1.88591451744
@marieclaireuk,-0.318081855802
@twitter,1.28327935133
@thehautepursuit,2.02165097937
@lucywilliams02,5.34546297758
@thefrugality,6.51679237134
@adenorah,1.39261837117
@trineswardrobe,1.24553671477
@yara_michels,2.35852347344
@anoukyve,2.65711520448
@accordingtoblaire,14.0013811866
@shalicenoel,5.29826825022
@loveandloathingla,8.5673082185
@kelsey_white,0.764103675169
@helloitsroxie,1.83049977681
@glamobserver,12.8352386869
@luisafere,5.0568379249
@gabifresh,-0.046110286774
@nicolettemason,4.82243101213
@a_southerndrawl,10.8768606515
@meganrunionmcr,1.85497633426
@rumineely,0
@alicezielasko,2.44019478767
@lateafternoon,2.93520283677
@lusttforlife,1.7369435102
@theglamourai,-0.0529789492364
@sjpcollection,2.97378010094
@kenzasmg,2.19819780344
@daphnemodeandthecity,1.94020287543
@adelinerapon,7.63599345108
@eppcoline,0.320489855571
@rozalia_russian,12.5534573423
@rozalia.com.au,9.18842192387
@fredrdgz,1.983130745
@marianodivaio,2.81404211769
@oliworlds,4.32530205692
@oliviakijo,3.23327572281
@thefashionaround,0
@matthewzorpas,5.78186616935
@theglobalgirl,-1.79736641297
@tini_tani,0.143914102051
@whichclothestoday,0.407530140025
@racheletnicole,3.52128801616
@milexr,0
@luanna90,3.29781172458
@littleblackboots,3.61480367285
@christophschaller,0.0865295635096
@chicityfashion,1.44742498642
@retroflame,16.7166414134
@alexanderkenton,10.4668456952
@gvozdishe,0
@larisacostea,4.94953966999
@myshowroomblog,3.03115389019
@feralcreature,6.91107027264
@superwowomg,-2.60823855654
@soniaeryka,5.13950089915
@ellemayleckenby,5.26762171486
@redreidinghood,9.81528957848
@diariodeestilo,2.97590507904
@karxlina,-3.83959893202
@livpurvis,7.00156436328
@inthefrow,8.38315295924
@erica_davies,8.99726731802
@monicabeatrice,13.7172616873
@dressyourguests,19.1808000613
@kittehinfurs,4.9762564668
@cupcakesloveme,0.592097107823
@fullerfigurefullerbust,-0.212409694638
@teerwayde,1.06736088199
@nadiaaboulhosn,3.56476565825
@itsmekellieb,5.80978160644
@bbwgeneration,7.31778469378
@girlwithcurves,3.20735013217
@kobi_jae,2.47571918108
@cleofernandes,0.120201750637
@curvesandchaos,2.50229399479
@mariesouthardospina,8.21390513576
@epiclylaterd,1.86976219225
@ilanusglazer,6.82888051831
@mallorybby,21.1058511605
@krystalschlegel,10.654125258
@nanysklozet,18.7288099815
@princepelayo,-0.0233598198656
@troprouge,0.845685220774
@smashleybell,-1.36902541869
@brooklynblonde1,5.26424818426
@oh_anthonio,4.21385477799
@clairegeist,-0.257571691948
@justinliv,4.00554452469
@blaireadiebee,5.17270676276
@iamgalla,3.29630709346
@apairandaspare,5.51091857907
@tinaleung,0.736451889109
@cindiddy,6.29870922738
@vnikali,0.0652114411741
@elleiconlee,3.47014734197
@christingc,1.92868825122
@popbee,1.2736110573
@thewanderlister,4.46322127508
@youmnaelshafeiy_makeupartist,17.6801869351
@aylinstudiio,0
@mimitrend,-5.73216376006
@naijayarnz,15.9411797502
@cristianocalzature,6.22403125119
@ohmiloveit,5.69401372445
@lacaprichossa,0.271202432456
@street_style_paris,3.33482704838
@toasty_a,24.4887340926
@sanantoniotidbits,4.59120147422
@spurscoyote,4.71944412632
@bexargoods,4.90797160078
@igsanantonio,3.55054546674
@lonestarsouthern,16.0660155167
@kyla.shay,0.628517379966
@claudiaalende,4.12066930699
@waseemstark,-1.14129065699
@jenselter,6.47788743607
@deck_sotto,-4.08291693849
@shop.style.snap,1.47484086946
@so___whatt,0
@cornetmamabolo,15.1862750232
@iilove.closet,-1.05336045722
@chamsko.pl,-0.197091714194
@ebadolrahman,0
@sacross,1.0547425409
@walterwanderleytv,2.11768260587
@letshoppingwithme,-0.405399130924
@julietangus,5.99411978524
@fiftyshadesmovie,5.6338379888
@discodaydream,13.0048111245
@thestyleclubla,2.26918636871
@beyonce,-0.351408971973
@cocoloco_girl,-0.420013530765
@__viva_la_moda__,2.90801589411
@fashiondesfemmes,-0.814436530752
@riccardotisci17,-1.06392990332
@givenchyofficial,0.0532484439066
@wwd,1.98733983038
@careergirldaily,6.09274322842
@chrisellelim,5.59854668298
@char1es,4.29283804443
@thebalibible,-3.11772616863
@shewearsfashion,4.67998582688
@caraasantana,3.78868269847
@2snapsandatwirl,2.45203606655
@ninarobinsonnyc,5.20092991159
@mattblack_blackmatt,-0.741903624889
@mattslaby,1.73274812204
@bythebrush,1.30108807945
@mrantooine,0.524501483147
@timlampe,13.9175512086
@meltjoeng,2.0021674232
@camrindengel,0.34213999141
@joshualott,-0.537550987389
@skylerwagoner,5.3010442368
@belebenard,4.53221820843
@aabbyylou,8.83059993143
@bydvnlln,1.877462442
@johnstanmeyer,1.74265519602
@patricialaydorsey,5.0408254816
@wideeyedlegless,0.689375560593
@misvincent,4.15267845679
@brettbrooner,0.520585504348
@johnnylace,1.58064846454
@stellamariabaer,15.6427277269
@thomas_prior,0.782112391432
@robertwtobin,0.146308699531
@waywardspark,8.13828593754
@charlesmostoller,-1.98527454427
@jesse_burke,2.4572756075
@kendrickbrinson,3.13266010197
@thesdcowgirl,2.10529756625
@thiswildidea,2.5053018556
@mattcrump,3.82683266329
@ryan_thayne,-0.754126194509
@shanelavalette,0
@taylortippett,11.2691285574
@stacykranitz,1.99208014134
@manofmanytastes,3.1041645357
@morgansmith,5.30138228711
@elegant_attire,26.2575373749
@chef_balqees,0
@elegant_divas,6.45971749135
@mapasekamokwele,2.50800091309
@top.promote,-2.35681302075
@hendriansyah76_official,-0.178928841596
@melynnlipstick,-10.218220341
@thekeyofstyle,3.83670682826
@thesilksneaker,9.12217665382
@fidm,10.1944849855
@nicolettareggio,0.970612130863
@youngadventuress,7.1869515319
@holsterfashion,-0.0123349313587
@klasse14,-1.54802662462
@lacenheelsboutique,0.299743604349
