@fresherthanchris,0.012071704893
@jakerosenberg,0.0407204382212
@beardsofcanberra,0
@rosielondoner,-0.00472990155804
@girlwithcurves,0.0286220936326
@fruzans_beauty,0.00022683320407
@smfblog,0
@kevinruss,-0.00756302169603
@itsafterfive,0.0193351181099
@ctbites,0.0469500419062
@curvygirlchic,0.0193673889983
@doctor_kwon,0
@awesomeamsterdam,0.0415974556364
@eatpraywearlove,0
@shopbop,-0.00450477824754
@kcdworldwide,0.0151603065187
@harpersbazaarus,0.00849801322911
@christingc,0.0250008648294
@kirkomade,0
@thelovelythingsblog,-0.00318761783242
@thegirlfromfuss,0.0143063491002
@pdy,-0.000308483064872
@closcadesign,-0.00532368491554
@denver.darling,0.0149515161397
@oraclefoxblog,0
@bertrandmak,0.0118384715851
@emilyschuman,0.016878142478
@neusalonzindia,-0.00832877572565
@nicolettareggio,0.0174967044697
@allthatisshe,-0.00018547593908
@dapperlou,-0.00858799367532
@xandervintage,0.000302711232093
@adenorah,-0.00678958662394
@mirandakerr,0
@troprouge,0.0155720379128
@heystamford,0.0212299048087
@stefanogabbana,0.0146928148518
@kookiebuhain,0.0101997943044
@playdatesandpearls,0
@streetetiquette,-0.014438532293
@thedaileigh,0.00485540119725
@tdposh,-0.000501447554901
@lexiconofstyle,0.0141467455813
@valentinehello,0
@styleheroine,0.00359609694791
@kristinabazan,0.0175182684406
@fashionzine,-0.00911529380404
@joysewing,0.0110303131609
@carly,0.00294286855336
@astylishsideproject,0.00884552812936
@asiyamigold,0
@sandrajuto,0.00479123618092
@levis_uk,0.00367248052451
@style_by_salli,0.00461284515376
@waitingonmartha,0.019207764983
@wefashiontrends,0.00236778863919
@kylehocking,0.036574182887
@cakeandconfetti,0.0203434953388
@jm,0
@fashion.selection,-0.00766674632988
@aideenfeely,0.0461616360839
@karachomistek,0.00706535207685
@pepamack,0.0347470745492
@drewbarrymore,0.00410508025594
@just.fashion99,0.0150342688316
@tamagocat,0.0130917547547
@nikmode,0.0210624424697
@departmentofwandering,0.0271969135623
@martynamartyn,0.0248985828459
@chintlaw,0
@violetgrey,0.0250988874293
@jn,0.00677395401053
@farahemara,0.0025112929092
@donatella_versace,0.0311572121221
@humansofamsterdam,-0.000431292905593
@unelibanaiseaparis,0
@ashleyljames,0
@barneysny,0.0292966826739
@nicholaselmi,0.018675740889
@brooklynblonde1,-0.00442086896979
@jakesvisuals,-0.00319740414316
@mduenasjacobs,0.0143661748916
@tosha_eason,0.00670914435417
@tkmaxx,0.0248737843338
@krystalschlegel,0.0198031385603
@aldonabb,0.0236173594038
@metrouk,0
@miamicom,0
@carineroitfeld,0.0164900067212
@eatsleepwear,0.0237855873993
@natashandlovu,-0.00168278428209
@jscott24,-0.000595005454549
@gigihadid,0.00412126237303
@grantfriedman,0.0172869820806
@jessicaalba,0.0271844560754
@yasalamfashionblog,0.00556088314638
@rocket_science,0.0121824121071
@theblondmacron,0
@heliumcreative,0.0167199781988
@worldmcqueen,-0.0282620924671
@altarpdx,-0.00603978343989
@bagsandbunnies,0.00996731986852
@kateymcfarlan,0.00184023311138
@dashing_darlin,0.0238339248658
@colerise,-0.00235780586585
@vanityfair,0.0114663801369
@jessijaejoplin,-0.000974786626581
@karwantahir,0
@sophie.seddon,-0.00349111918251
@marquelleturner,-0.00524747428283
@notyourstandard,0.00393612869855
@manrepeller,0.0167013560447
@boohoo,0.0112983409006
@essentialsbya,0
@riverisland,0.0293477444489
@wanwan_lei,0
@stylecaster,0.0233564878925
@carolinaengman,0.0144510119747
@croyable,0.0205018983835
@youngadventuress,0.00598644200968
@sazanhendrix,0.0166655735192
@thenashvilleguide,0.000360032277687
@vydia,0.0080997066232
@ireneisgood,0.0149112812459
@rachelzoe,0.0132551174465
@joythestore,0.0138528474737
@ecowarriorprincess,-0.00277490807146
@itstamyodell,0
@jenselter,0.00149103834822
@saralongsworth,0.0359758361458
@allred.katie,0.015348166072
@apairandaspare,0.00296090613302
@soojmooj,0.00755773143043
@missomalondon,0.00619244942235
@iamnaomicampbell,0.0193810480197
@iambeauticurve,0.00358891332801
@kateireneblue,0.00635938845092
@browtifulbremen,-0.00931018062089
@yellowteapot,0.00137223459221
@jprstyling,0.0511736282559
@reifhaus,0.0109705844018
@alexa_chung,0
@caroissa,0
@eleonoracarisi,0.0168407559319
@nike,0.00972389745686
@damselindior,0.001786102796
@refinery29,0.008641339647
@hijabhills,0.0133914071578
@cindycrawford,0.0250809177954
@saharfoad,0.00512556713713
@anna_flanagan,-0.000564375220513
@ashleynstyle,0.0191547968252
@chungalexa,0
@browneyedbaldie,0
@dinatokio,0.00473614872375
@dressingoutsidethebox,0.0117266775602
@michaelkors,0.0165452195587
@facesbykalahn,0.0224156853952
@cfda,0.00333672845102
@colleenrothschild,0.00381749497582
@danaprigge,0
@starworksgroup,0.0073010358504
@ethicalfashion,0.0280910069551
@intothegloss,-0.0092425272376
@cathkidston_ltd,0.0362022174784
@joeylondonstyle,0.0415855196221
@gwynethpaltrow,0.0211759106867
@songofstyle,0.0186266010919
@luxuryshoeslover,0.0567350401877
@nytimes,0.0155920578698
@leah.simmons,0
@ymorbeauty,0.000113788479608
@al_bizzy,-0.00903048448818
@parkncube,0.00986223117736
@jakerosenburg,0
@amsterdamlightfestival,0.0180413166084
@belledecouture,0.0112283511218
@calliereiff123,0
@_browsbyash,-0.00591706116978
@angel_m_style,0
@giasaysthat,0.00928209710112
@roywrench,0.0696145085279
@macenzo,0.0119030056666
@andyheart,-0.00640715153099
@kaycaden,-0.000878952574995
@mrbradgoreski,0
@fashiooworld,0.0376701823177
@uwa2000,0.00952550190797
@cozyhome.msk,-0.0111481197977
@ladyflashback,0.00808007278881
@missjulee,0.0141851228357
@oscarprgirl,0
@abikiniaday,0.0351540159264
@nweakly,0
@rachelstrugatz,0
@ponysmakeup,0
@modelmayi,0.00952639762973
@everythingcurvyandchic,0.00886383921285
@hazeface,0.0107695431158
@cyberfashioninspiration,0.000468931249236
@smallrocks,0.0268172586588
@katherine_ormerod,-0.00266217559999
@melodiejeng,0.020827574271
@natgeo,-0.00121794739857
@stephanielee199,0.0147229353951
@gentlemen_class_,0.0246310430768
@fashionlady.ss,-0.01688692509
@jackguinness,0.0173923697839
@coolcoolbeverage,0.0135251004719
@emily_luciano,0.0210000734036
@margaret__zhang,0.0492271432061
@frassyaudrey,0.00849903772462
@nathb,0.00523427580762
@jesscochranepaints,0
@teerwayde,0.0229800332066
@sergio_ines,0.0134025791585
@wmag,0.00409350077188
@kbstyled,0.000640249717614
@amazingfashioni,0.0264649018918
@liketoknow.it,0.0324487045502
@chrisellelim,0.0126542296535
@stylefriques,-0.012979275786
@shellystuckman,0.00685437959506
@patmcgrathreal,0.00872342406853
@happilygrey,-0.0140079986274
@mrtimefreezer,0
@mikenouveau,0.0250125017774
@tinaleung,0.00661884776626
@gretaeagan,0.0185183128447
@catmeffan,0.00507781296846
@afroditeskitchen,0.0199319149211
@killer_kurves,0
@couldihavethat,-0.00438189342927
@heybiblee,0
@victoriabeckham,0.0281023322757
@thatslovelyblog,-0.00380074756489
@tuulavintage,0.00418505767497
@athleisurely,0
@sincerelyjules,0.0327058522014
@menwithstreetstyle,0.000633361364821
@pinsykes,0
@classnfab,0.00346633760508
@juliahengel,0.0133428909641
@doughtystintl,0
@polabur,3.95998652716e-05
@ourwildabandon,0.0114319401298
@floyding,0.0186019677717
@brooketestoni,0.0349526922939
@rachelrector,0.0122529438757
@natalieliao_,0
@dailyfashionista_dana,0.0187405852196
@instyle,0
@viewfrom5ft2,0.0105345107803
@thenativefox,0.0415296538906
@fashionininspo,0.0272052272787
@meke_up,0.000917085058651
@ronmcquade,0.00631306899425
@ohmiloveit,-0.00177413403145
@thelsd,0.00837795124651
@justfabonline,0.0310779811608
@journeywonders,0.00255040868626
@alexanderwangny,0.0369099458063
@hilaryduff,0.00226927886749
@instock_nl,0.0174127471809
@karlmond,0.0031779283997
@pobke,0.00251334987905
@sarahbelle93x,0.0033901740463
@vivalapinkposh,0.0291533176102
@katvondbeauty,0.0158554311755
@yoga_one,0
@lookingthroughhercloset,0.0114488265324
@laureenmuy,0.00676873077763
@unclescrooch,0.044976846016
@maketodayahollyday,0.00148922437226
@dallaswardrobe,0.029432605317
@muradosmann,0.0103692076953
@fashion.wicked,0.0394160147734
@poppylissiman,0.022916908792
@plus__j,0.00630790418466
@theblondeabroad,0.0134249920671
@biancamaycheah,-0.00331339672671
@britneyspearsfragrances,-0.00136630518367
@helenabordon,0.00345657602623
@daniaustin,0.00769745192043
@thefashionguitar,0.00207275293471
@beangoods,0.00974859696667
@amiparis,0.0189376766175
@ctvisit,-0.00703320960466
@theflawlessmommy,0.0246490827176
@discover,-0.00631619871553
@smashleybell,0.0290806410261
@superwowomg,0.015828379351
@interviewmag,-0.00241779700611
@lifeofaladybear,0.0203182282506
@itsmeerikat,0.0129775283803
@101thingsilove,-0.0084925501115
@jumiaegypt,0.0302710589914
@ojandcigs,0.00917046052206
@dtkaustin,0.0130285210305
@southernfatty,0.00364066606987
@marthaward,0.0120646955246
@coastalconnecticut,0.00673013964028
@byhilaryrose,0.01261408626
@jennadouros,0.00874899102921
@byrdiebeauty,-0.007232456411
@elinacasell,0.0064989640706
@jessika_hunter,0.0380017936503
@laylawearsmakeup,0.00534963996214
@glorianoto,0.0105773000194
@mariustorenga,0.0345218174933
@modelinia,0.00498292719149
@stregisdoha,0.0213211230254
@blondesandcookies,0.0127613813899
@elleuk,0.00998083164795
@thewerkplace,0
@thisisveda,-0.0103643747528
@garypeppergirl,0.00786345970153
@tashsefton,0.0111820595922
@justfabonline.,0
@themerrymakersisters,0.00696440562941
@fhits,0.00464845844581
@freddieharrel,0.0163368974699
@themoptop,-0.00493736593067
@jacobjkeller,0.0203145391505
@lepostcard,0.0180593459283
@hilaryalexander,0
@christenebarberich,0.00780080775196
@vickymanzhosov,0
@gorgeousingrey,0.0130847876773
@unhumanrights,0
@laurenatsaks,0.0142896556315
@alealimay,-0.00787167944029
@deborahlippmann,0.0123075624113
@fashionknitsta,0
@angelbespoke,0.0100168271062
@cadeandco,0.0107790383194
@fashionlookgirlss,0.0122779320906
@topshop,0.0227927791305
@bombaybubble,0
@veronicaferraro,0.0118034734335
@susiebubble,0.0161835779107
@promoting_you_shoutouts,0
@livia_firth,0.0190464235027
@eviesimm,0.0222573550526
@landlopers,0.0021636901651
@meganrunionmcr,0.0147387698696
@kenzo,0.0118619068337
@thehautepursuit,-0.00445117337539
@derekblasberg,0.021100654185
@humansofny,-0.00161860787067
@lindaberlin,0.0175101705195
@mariotestino,0.0235022154405
@stylemesustainable,0.00197531747126
@kaitlynbristowe,-0.00555562927478
@cestchristine,0.0159604811724
@daphnemodeandthecity,0.0154798010881
@craftic_,0.0138237691843
@drunkonshoes,0.00696298901845
@hellofrankieblog,0
@therealgreenwichgirl,0
@vanellimelli,0.00262913768506
@stylecusp,0.0230092384605
@michaelamcvoy,0.0250331797031
@confettiandco,0.00943467886757
@proenzaschouler,0.0344809520371
@stylegoalzs,-0.0141084630007
@adriancabrero,0.0323376166503
@bettyautier,0.0139652993193
@charming___fashion,-0.0114334718044
@thevagabondish,0.00831203956908
@fareedzakaria,0
@johanneshuebl,0.0417677040898
@thetinycloset,0.0108282594946
@sartorialpanda,0.000341886023428
@allyzacek,-0.00531756327512
@cbay_musiz,-0.000448903844697
@tk_wonder,0.00120469717565
@danpiraino,0.0317966009197
@jasonchew_,-0.000339206991152
@topgrain,0
@heatherstaible,0
@alexcentomo,0.00679447374043
@myboringcloset,0.0100718700479
@myspacetom,-0.00119197288769
@deepicamutyala,0
@nicolerichie,0.0121467409899
@fredrdgz,0
@tsbmen,0
@lauries_blog,0.0145104239527
@cupcakesloveme,0.0129811952159
@stephaniezwicky,0.0251525769398
@yallamelo,0.0207243913711
@_simonett,0
@bagsnob,0.0143223648599
@kendalljenner,0.0120778507488
@valjermayne,-0.00192715904845
@styledotcom,0.019172291687
@savvysavanah,0
@mrseang18,0.0707533998372
@nativeinnashville,0.0261764362236
@moristeele,-0.0178230607695
@bryanboy,0
@getthegloss,0.0285820529868
@curtisanewkirk,0.0184267038566
@vnikali,0.00526672758652
@mararoszak,0.00326764545637
@aniab,0.027083510479
@gypsealust,0.0502550891623
@stevecalder,0.0131571091752
@blaireadiebee,0.0301644316498
@merrittbeck,0.0277859036584
@adelinejessica,0.0340474286891
@sunkissedstephblog,0.0109876153333
@xonecole,0.00498451099023
@farhfromordinary,0.0129572739962
@zannarassi,0.0503344148389
@iconaccidental,0.0207294229294
@sephora,0.0207899512816
@mikesolomonov,0.0152631318784
@joie_clothing,0
@susancernek,0.0254230531847
@cocorocha,0.0303283043815
@mariedenee,0.0106830154408
@lenaperminova,-0.0091510624815
@ysl,0.0220645858857
@kristiedash,0.0135127369261
@wwd,0.0242695774319
@kristinaxmakeup,0.0131043523995
@siddharthajoshi,-0.00551940906383
@btherad,0.000675313829137
@kayaanlovebug,0
@theplanetd,0.0143593523473
@sunglassesshop,0.0304618965336
@meredithmelling,0.00862644008415
@preppy_girls,0.010510969867
@britishvogue,-0.00523484105876
@sonya_miro,0.0408267335593
@sophiachabbott,0.0144753064094
@aniklacasse,0.0122866071078
@rayban,0.00853694054175
@blkdnm,0.0348325052057
@connecticutgram,0.0273166936529
@marcjacobs,0.00923287590488
@mckennatrahan,0.0107967826283
@hannelim,0.0321675520259
@2summers,0.035925318201
@chathamhouse,0
@yara_michels,0.0112292865697
@beautygoalzx,0.0248615342849
@mulbada,0
@hellofashionblog,0.00157037383954
@mrporterlive,0.00326383686111
@foodandlycra,0.00742287848228
@galmeetsglam,0
@justinliv,0.0276823361867
@styleandpepper,0.00509572357186
@nonationality07,-0.00277035131367
@garancedore,0.0183278992492
@tommyhilfiger,0.035028580184
@dressupwithjess,0.0134422368143
@303_fashion,0.0352065391635
@rarebirdrevival,-0.000126575315399
@stylepantry,0.0134322170881
@gabigregg,0
@raniadabagh,0
@luxuryfashionandtravel,0.0400214415941
@missstylefiesta,0.00399368903803
@telegraphfashion,0.0153837282627
@jbrandjeans,0.0483018208119
@asos_us,0.0284403197935
@fashiongrandpas,0.0133506770157
@khloekardashian,0.0085069675297
@tashoakley,0.0334226792411
@christinazapolski,0.0217567732226
@sustainabilityinstyle,0.00469566401408
@mackenziehoran,0.0159758303247
@romy_thebunnies,0
@wallahamar,0
@mrpfashion,0.0200055917757
@fullerfigurefullerbust,-0.00741127044898
@twomacks,0.0159781278188
@doughtystpublic,0
@bellwether_dario,0.00989406605613
@pause_online,0.026014639557
@sustainabledaisy,0.0288383686284
@hamishbowles,0.0311372090566
@theblondesalad,0.0111052800383
@devinbrugman,0.0203991954177
@bergdorfs,0.0179492379492
@machusonline,0.0168925476116
@thriftsandthreads,0.0101228413302
@carolinestfrancis,0.016065325888
@bbwgeneration,0.0104611553331
@amommyinthecity,0
@royonthestreet,0.0346952453566
@frankmutjens,0
@karliekloss,0.0117921975314
@caitlin_mcb,0.0191553997281
@i_d,0.0227191360146
@shopdandy,0.0108509906418
@_yanyanchan,0.00243297183573
@fashionbeanscom,0.0101771534929
@kateleemakeup,0.0154622506339
@sydneyfashionblogger,0.0173285318604
@privategg,0.0259657215985
@mrscasual,-0.00457273289902
@vanouelicious,0
@fourteenjay,0.0205001821622
@themilleraffect,4.56658272072e-05
@worldthreads,0.00161905267325
@astylishsideprj,0
@cosstores,0.0186272229418
@instagram,0.00314832053292
@jessredden1,0.0126006589516
@nadiaaboulhosn,0.0260502696066
@mellerobot,0.0317026509495
@sethcarnill,0.00936605419679
@arabelleakinfe,0
@shewearsfashion,-0.00543909020574
@wendyslookbook,0.0272029149834
@cndworld,-0.00106377400109
@ovaxposed,0.0398681526431
@hijabfashion,-0.018020327123
@iamindiaross,-0.00753392319171
@chiaraferragni,0.0411581478492
@alixcherry,0.0289693627689
@officialrodarte,0
@dalalid,-0.00354592283708
@karolynprg,0.0016075677695
@mariafranciska,-0.00278479477233
@style,0.00875203037451
@aaprovost,0
@adelinerapon,-0.00327203170953
@9to5chic,-0.00623739258429
@dvf,0.0356351605442
@lonestarsouthern,0.00433504983486
@karenakatrina,0.0139874205109
@nylonmag,0.0159465842803
@laura_bodyzone,-0.0017158721204
@sparklingfootsteps,0
@stilinberlin,0.0242700146355
@farhfromord,0
@cleofernandes,0.018947276214
@downtownftl,0.0172851291751
@paridust,0.0222621191994
@fashionedchicstyling,-0.00560852981265
@jessicabiel,0.033059200464
@zanitazanita,0.0110309035137
@marantisabel,0
@independentstyle,0.00885798620056
@lucywilliams02,0.00669890524976
@cheyzmeister,0.0148469960239
@acnestudios,-0.000124624012238
@francescocarrozzini,0.0199988676068
@weworewhat,-0.00238387817543
@ecofashiontalk,0.01326614463
@patriciaprieto,0.0143725052583
@maevdkrogt,0
@ubicouture,0
@samanthaneira,0.0140224770505
@houseofharper,0.00940966175651
@kenzasmg,8.13731689313e-05
@nately,-0.00767853152656
@nainaco,0
@stylebyada,0
@abrokegirlsblog,0.017393458986
@shoedazzle,0.0405093620106
@modaprints,0.0164352673742
@dentellefleurs,0.00236794523332
@becky_malinsky,0.0193395615111
@cath_belle,0.0110173149536
@sylviemus_,0.0178816233149
@rcote_lilindianpapoose_,0
@amilli0naire,0.000468274307632
@si_sichen,0.00574928545266
@remymichelghougassian,0
@marksandspencer,0.0189121195305
@popsugar,0.0154517189564
@melzy917,-0.00027275557441
@designowstudio,0.0231721213024
@walkinwonderland,0.00237164999175
@diesel,0.0110121372568
@trendsandblendsgh,0.00855283727196
@chictalkch,0.00491873432522
@caitsplate,0.0196524529818
@haideralabadi,0
@sherryshroff,0.0160136577741
@luanna90,0
@kryzzzie,0.01466369812
@realvintagevirgin,0.000465257311142
@princepelayo,0.0217904446654
@facehunter,0.0642855019812
@nytstyles,0
@conscious_living93,-0.00509732342638
@fashiongoalsz,-0.00542162735586
@mensweardog,0.000494039793403
@ioegreer,0.00999741267432
@thedarlingdetail,0
@cheekyvintage,-0.000422053177987
@caroline_stf,0
@eunbi.eb,0.0341139397506
@danielrhone,0.00839965597375
@yayafashionland,0.0386947882874
@netherleighblog,0
@blakevond,-0.00542250962098
@curvenvy,0.0117292110471
@fosterhunting,0.00518415747498
@berlinstagram,-0.0088105251773
@riccardotisci17,0.00069532026981
@kyleneverywear,0.00988621026005
@airecentre,0
@timeoutnewyork,0.00379496379034
@iamgalla,0.00784451044745
@andicsinger,0.0212764389633
@themrsgibby,0.00766942198826
@marjorie_harvey,0.00464353208737
@reallysl,0
@shopburu,0.0142625490585
@sfennema,0.00130708848539
@bijouluna,0.0287566679888
@matthewzorpas,0.00283662402533
@sukhimann_,0.00332072988574
@jislainduval,0.010539282261
@cathyhoryn,0.0276160512218
@michelletakeaim,0.0123100742749
@clairegeist,0.0257876069065
@elainewelteroth,0.025533672435
@screativestudios,0
@caroline_joy,-0.00882755410934
@4thandbleeker,0.0186908554432
@ootdgoalzs,0
@captaineco_fr,0
@pharrell,0.0145919213084
@c_kimber,0
@__pierce,0
@ootdgals,-0.00654839530935
@harpersbazaarsg,0.00842022930353
@nycole_sariol,-0.00434632035579
@lindagauntco,0.0200337058774
@kattanita,0.026706455737
@poppydelevingne,0.0336678703822
@jaesukkim,0.0422164861471
@emmakennyillustrations,0.0160170890879
@thebohochild,0
@saks,0.0277676238658
@aubreymccoy,-0.00015887684397
@accordingtoblaire,0.0116983552497
@natybaby,0
@greengal,0.0113614544887
@nobudoha,0.0221438408293
@topstylez,-0.0306637009104
@lovelypepa,-0.00545628912404
@eaemileeanne,0.0152236179475
@lyndseyzorich,0.0306894493362
@micahgianneli,0.0163989437058
@missslionhunter,0
@leaf_greener,0.00968071906678
@kegrand,0.0100475085133
@rachel_goodwin,0
@trysmallthings,-0.00496095062292
@dnelson4630,0.0299142237665
@vicopuentes,0
@minimalistbaker,0.0304049426302
@marthaeelman,0.00799985363375
@missalissa,0.00930740668889
@thewanderlister,0.0320431240415
@_craftic_,0
@wendynguyen,0.0296908432049
@thisisashrose,0.0146584318664
@sartoriomerta,0.00732585256379
@kinksarepink,0
@thecut,-0.00100869411739
@popsugarfashion,0.00416882182668
@calvincopeling,0.0304625860489
@platinumandpenniless,0
@kaitlinkkeegan,0.00920581869569
@fashiowncom,0.0184721533279
@mrrutherford9,0
@newengland_photography,0.0130511415435
@emmawlker,0.00664877812156
@akanksharedhu,0.0196893883043
@_tommyton,0
@scentbird,0.0254845051044
@girlandvanity,-0.00258795363341
@nashvillewifestyles,0.00033924455277
@katanafatale,0.0329095632506
@illgander,-0.00816913411861
@cmcoving,0.00544537246356
@terrydonovan1987,0.0144488218068
@styleismything,0.00968733043943
@devotedlyyours,-0.0066145610149
@giampaolo_alliata,-0.00548476481889
@kellywearstler,0.0341780115307
@fashion_daily_uae,0.0149383185865
@travelwritedraw,0.00339203126113
@atrendypeace,0.0105300257761
@katierob20,0
@caradelevingne,-2.67268385911e-05
@negin_mirsalehi,0.0161005096722
@gabifresh,0.0202940521227
@thegirlhasparke,0
@heleneinbetween,0.0111741227794
@alkarus,0.00841162226558
@luca_rubinacci,0.00208062133409
@zeynepshome,0.0114638139249
@evachen212,0.00523995646341
@delfinadelettrez,0.0222233464194
@cutelittleinspo,-0.015237833476
@gerihirsch,0.00645309758829
@shopimpressions,0.00662519571824
@activeyogi,0.00821163878672
@passionpassport,-0.00495746964394
@karenbritchick,0.0120207272074
@badgalriri,0.0205858699744
@morrellsarmoire,0.0281024475926
@mealan,0.0308168184009
@cindiddy,0.0173365943489
@punkhippie,0.0423589601209
@karissamariie,0.00412429449845
@shesheshow,0.00812514261396
@deepicam,0.00790304236141
@polishedavenue,0.0161840088641
@snhphoto,0.00207980486474
@demureartistry,0.0122145937
@jetsetchristina,0.00359237619067
@chrisburkard,0.00642386786246
@cabby_james,0.0222767891455
@jenesaisquoithe,0.0138513389669
@aritheheiress,0.015095455323
@labellemel31,0.00195372245065
@harperandharley.,0
@eidosnapoli,0
@rackandrouge,0.000207529591709
@dresslikemila,0.0160727598298
@luellabartley,0.0168461965241
@anna_dello_russo,0.0178419079836
@timvanrooyen,0
@anniereeves,-0.00129644119111
@candymagdotcom,0.012653904401
@whitneybearr,0.0210897907578
@michelle_orsi,-0.00142934239414
@calivintage,0.0105944246956
@est_lyu,0
@panyrek,-0.00289692927983
@francetajohnson,0.00807495623922
@jeannedamas,0.0361239710536
@designmanifest,0.0246401159604
@seealan,0.00319303704368
@loudoillon,0.0204668427284
@ruud_da,0
@alexstrohl,0.00281018898865
@brandhorse,-0.0207651471058
@the_caroo,0.0235051553347
@luisaviaroma,0.0141923735367
@isaaclikes_,0.0219268672725
@accorindingtoblaire,0
@maurostev,0
@womensfashionspot,0.0474605542911
@shopgirlblog,0.0230418191235
@jrapppp,0.0163703598063
@joeottawaystyle,0
@dannijo,0.0129226482033
@burberry,0.0217728443267
@stylescrapbook,0.0125916728926
@bethshearing,0.00994634692588
@adidas,0.0236554822737
@levonlock,0.00221923674647
@rongrong_devoe_illustration,0.0326914731845
@suziemcadam,0.0114901995647
@cibelepublio,0.0177779232754
@kristina_bazan,0
@surisays,0.0160547873611
@tullylou,-0.00866863940268
@sporteluxe,0.00918633952788
@lexeesmith,0
@justmorris,0.00810278461353
@er_saloon,0.0233666084803
@pamallier,0.0119859927922
@zara,0.0162976158317
@calliethorpe,0.00765203935745
@fashion.ideals,0.0247685380959
@missysueblog,-0.00486093621564
@popbee,0.0540420444956
@honestlywtf,-0.00763033965088
@aladiia,0.0271189106516
@moruf,0
@gowithoutwalls,0
@nabiilabee,0.0226176905116
@a,0.00259637016388
@local_milk,0.00645324807743
@annagotsyk,-0.00142618300287
@ivanshaw,0.012105897623
@alexisteichmiller,-0.00837758464646
@robinnyc,0.0209474269648
@georgepapanikolas,0.0112211560279
@kobi_jae,0.00345138189675
@trevor_stuurman,0.00994723216808
@thefrugality,0.012512099688
@ctlifestyles,0.0276973671459
@neimanmarcus,0.0211947457133
@jaglever,0.0216509230258
@onahazymorning,0.0260550105011
@lauraleabalanced,0.00993025707195
@lefashion,0.0242233406604
@alexanderkenton,0.00323332298686
@ainecarlin,0.025539608154
@milasuchnyc,0.0124548116236
@connfoodandfarm,0.034706808627
@alexioso,-0.000596582775147
@vmagazine,0.0195304442627
@lovebrownsugar,0.00779435385442
@sweetwaterpete,0
@eleanorhardwick,0.0137774528444
@chandnip,0
@aviviwang,0
@jaefields,0.00442366434107
@thathayetrida,0
@rosiehw,0.0227707923396
@astylishsidepjt,0
@jennfredtv,0
@story154,0.0203497315171
@rachparcell,0.0173057659728
@georgieeisdell,0.000673693926202
@rag_bone,0
@allbaddays,0.000154454191545
@hermes,0.0018289702691
@reissfashion,0.00607840012248
@ascia_akf,0.0157727424053
@yingchunyc,0.0016818892727
@g_annunziata,0.0197096749499
@thelovemagazine,0.0214677910097
@1767designs,0.00142869788503
@livvylandblog,0.0125492282901
@fashiondads_,0.00854329917156
@bethbehrsofficial,0
@peachestopearls,0.008117843199
@thesweetestthingblog,0
@yourlbb,0.0145552199117
@kittehinfurs,-0.00400288632214
@nasa,-0.00300985049943
@peoplesrevteam,0.011650920473
@olderbrotherus,0.00672696799651
@whatemilysaid,0.00383866992269
@vanillaandlace,0.00926138434171
@sanneb10,0.0122859489324
@fashion.civilization,0.030739544722
@lemonstripes,0.0113306933165
@cmoretz,0
@whowhatwear,0.00902243010286
@goldcoastmag,0.0336421072479
@hlgroup,0.0147987528154
@theyallhateus,0.0433304705045
@lapassionvoutee,-0.00117647751189
@stylesouffle,0.00341669588309
@fitnessontoast,0.0170087018661
@roomforgirl,-0.00434863778265
@andrewweitz,0.0220473990906
@tiniegram,0.0149142948909
@lucialiustylist,0.0196622241707
@hap_style,0
@hap_fashion,-0.00391517228349
@stylesixties,-0.000685389664497
@threadsstyling,0.010479346904
@peaceloveshea,0.0127461759353
@cosmopolitan,0.016095146382
@whimsicalsoles,-0.00143099114175
@prconsulting,0.0219638313129
@styledrive,0.00597721920386
@elinkling,0.00858300815941
@bellatheblog,0
@darrenkennedyofficial,0.0178613964263
@nicolaformichetti,-0.000646458422439
@mrbagss,0.0123604229199
@palmbeachlately,0.0218515622338
@thehunt,0.0255400291342
@fashiononvibes,-0.0151696870807
@what_my_daughter_wore,-0.000735062968076
@vibede.girl,0.0138320497225
@trineswardrobe,0.016154109274
@taylorswift,0.00785734401563
@showstudio,-0.00650339177487
@harperandharley,-0.004387271333
@shubham.sharma23,0.00618473569039
@iamcharley,0
@dpatron,0
@themiddlecloset,0.0140437272298
@tensegritt,0.00552134190423
@crosspens,-0.00329848580001
@fashionablyflexy,0.0317184588711
@fashionhoax,0
@fabioattanasio,0.00194668486147
@thebodyshopind,0
@thecoveteur,0
@carolinedemaigret,0.0188768733317
@tworedbowls,0.0164875841613
@annstreetstudio,0.0017527194463
@dennielias,0.00189420086322
@mamawatters,0.0108584166795
@alfskiii,0.00626921061924
@zarainternational,0.0235793524859
@kdfaustino,0
@roco_runs,0.0155798040213
@latonyayvette,0.0210094558584
@marcustroy,0.0148602257891
@averysay,-0.00925887522135
@lenadunham,0.00444890614449
@zac_posen,0
@yestohoboken,0
@theurbanspotter,0.0255684121293
@carriec,0.0201942142496
@malinandgoetz,0.0115292628156
@filxiaobai,0
@_luxuryfashioned_,0
@ftlauderdalesun,0.0404823440377
@monicaposadas,0
@ihateblonde,0.00944653212064
@menwithclass,-0.0137392877095
@a_southerndrawl,0.0265948793017
@jasonwu,0.0225896113293
@desserts.club,0.0191817670187
@sarah_nait,0.014268364534
@bostoncommag,0.0272759207272
@7assansalem,0.0291988843732
@caraloren,-0.00281840847684
@sarahkjp,0.016908004462
@pinklemonincrystal,0.0283570936096
@nealsantos,0.0275859847695
@joeymaindividuality,0
@stylegalz,0
@krissyhosman,0.0170432971092
@closet_goals___,0
@macrameindia,0.0130885953788
@eliza_moore,0.0168045381551
@lichipan,0.0148763582193
@francasozzani,0
@cteatsout,0.02691639714
@whatmyboyfriendwore,0.00853632706457
@fashion_inspiration68,0
@elle_fergsuon,0
@thesouthernstyleguide,0.0206424548726
@royalrepubliq,0.00692770746252
@lesdemoizelles,0
@freqmag,-0.00148436223432
@dallasshaw,0.0174818570699
@bishopandholland,0.00334409287196
@mertalas,0.00762537516693
@yoyokulala,0.0320024957535
@inspire_me.xo,0.0150318704083
@hplifestyle,0
@lilykatefrance,0.0010522596541
@maisonvalentino,0.0190708557599
@mrjoezee,0.014859552042
@kayture,0
@garconjon,0.021061356944
@visitlauderdale,0.0608046640499
@vispalberlin,-0.0128152803825
@stylesocietyguy,0.0411964793102
@lainyhedaya,0.0130651874488
@laurielauriane,0.0112677794598
@duchessandlionco,0.00974858381908
@bat_gio,0.0346538145709
@thesassypeach,0.0154136913324
@jytchang,0.0246496943907
@nothingtowear.blog,0.016818340762
@danielwellington,-0.00930419409315
@nytfashion,0
@chiqgirl,0.00532667059155
@annadellorusso,0
@clothandman,0
@makemylemonade,0.0160034350762
@vivaluxuryblog,0.0104438076588
@thefashioneveryday,0
@aimeesong,0
@shereenlovebug,0.00821804490569
@binzento,0.0127612175265
@billieroseblog,0.0256094129823
@boriahclothiers,0.00898862082272
@tavitulle,0.0147474498865
@mikkoputtonen,-0.00333667797464
@aaronchristian_,0.026564594869
@vogueparis,0.0112934278533
@melaniesutra,0.0110382932825
@netaporter,0.0273645007317
@sarahjessicaparker,0.0101816583895
@fashion_mariia,0.0301541695054
@sassypriti,-0.0107278110379
@blazersbellinis,0
@fashionhedge,-0.00727737112227
@alfiebakerstyle,0.0158013947552
@amadea_dashurie,0.0127352159949
@gingerbridehouse,0.0220356974066
@ulimali,0.00263236564825
@vanishalifeunstyled,0
@myenvybox,0
@amberfillerup,-0.00700095790398
@yoga_girl,-0.00275887005094
@carolinestf,0
@allsaintsshop,0
@deaddsouls,0.00749742335435
@nawaalakram,-0.00587769216485
@nadiafairfax,0.00664542343573
@susiebuble,0
@fashion_week,0.0194576837291
@beccacosmetics,0.00748369706294
@hudsonshoes,0.00353734667248
@brooke_wall,0.0191859282222
@oh_anthonio,0.00889296474438
@sanakeefer_w,0.00590869624066
@bc_tacos,0.0294418652099
@madamxxl,0.0292335371138
@blamefashion,0
@mallorysauer,-0.00473959214716
@theserenagoh,0.0149636317964
@nudiejeans,0.0250353751935
@cmhstyle,-0.00127217578861
@jordanbunker,-0.00782222274806
@ellepennerrd,0.0125277144593
@nicolettemason,0.00733090434596
@extrapetite,0.00831185170261
@fairfieldista,0.024333184752
@camiejuan,0.000512716082917
@ttomasihill,0.0233619462954
@dresswelldogood,0.00857996997636
@schlboycouture,0
@vastcharm,0
@5aleejilifestyle,0
@gopriv,0
@regalphis,0.00749136250186
@todaystyle,0.0173844105482
@somethingnavy,-0.00245010682942
@slanelle,0.023823847988
@vougue_issues,0.01667002835
@thesartorialist,-0.00306347563465
@thestylebungalow,0.0227333091847
@dohagolfclub,0.00177948256403
@garethpon,0.0121303195789
@amee.kim,0.0274968683656
@jadorefashion,0.0119915393052
@tommyton,0.0147319909707
@fashercise,0.0125915250829
@simplycyn,0.0125755449335
@31philliplim,0.0535411481723
@theloveassembly,0.0153627913955
@jesseboykins3rd,0.0309469677847
@lookdepernille,0
@angelesalmuna,0.0173318489432
@youmakefashion,0.0189583463213
@blaireadieee,0
@jimmylaunay,0.00325631893177
@sonubohra,0.0147531308469
@thelipstickdiariesxoxo,0.019965841494
@ngoldenberg,0
@fashion_actavis,0.0239815281046
@coraliescloset,0.0129179240435
@rumineely,0
@themetroman,0
@sea_of_shoes,0
@rantiinreview,-0.00230239561504
@itscamilleco,0.0103029257373
@fashionupper,0.000574500333886
@carlabeauty,0.00889936158796
@leerachel,0.0136931220431
@catherinepvogue,0.00917667294628
@lonestar.looking.glass,0.00743317251369
@laurenbejaouoi,0
@style.anon,0.0335114193199
@codybess,0.00438326623952
@miss_luckypony,0.0125524699676
@prabalgurung,0.0302656639003
@thomas_k,-0.000811770139736
@twitter,0.00895116196544
@iamerikaellis,-0.0136102546153
@phashinjunky,0.0324041009156
@oliviapalermodotcom,0.0038805393878
@jeremy_0226,0
@mrstreetpeeper,0.00544015971551
@yiredelcastillo,0.021232842737
@jaredchambers,-0.00621517817116
@falahmustafa,0
@jasleengupta,0.0207009570922
@gianasim,0.0156494918613
@openingceremony,0.0117925817763
@chunky_lemons,0.00922806922786
@kanyewest,0
@geraldleveritt,0.0186878749634
@adrianneho,0
@nycpretty,0.0235218727241
@thesteelemaiden,0.0142642451741
@veronikaheilbrunner,0.00507093484851
@oliviapalermo,0.0172852054645
@luckymagazine,-0.00203132339258
@katherinepower,-0.00467188906735
@ellemagazine,0.0140583373433
@beau_nelson,0.012270083507
@makenicefashion,0.00655764901257
@marimariamakeup,0.0217167387381
@shynnz,0.00383118634469
@mylittleamsterdam,0.0548833545399
@pausethemoment,0.0128950182951
@phillystylezine,0.00676288903473
@foxyzingaro,0.0273144215256
@brightonkeller,0.0133974588237
@farahdhukai,0.0112205744999
@kimbotlay,0
@teenvogue,0
@jujujuxiaowen,0
@makeupmatthew,0
@morgancolsen,0
@theaugustdiaries,0
@stellamccartney,0
@styleontarget,0
@marieclaire,0
@kleidsam,0
@constellation_ox,0
@theglamourai,0
@alicia_janee,0
@mitchellbelk,0
@talisa_sutton,0
@miraduma,0
@captaindata_s,0
@jesskeys_,0
@rihanna,0
@dippednyellow,0
@miamigrams,0
@officialrushhairbeauty,-0.00304667866424
@andreasweinas,0.0177908285394
@francesmayshop,-0.0157472650068
@leaf1982,0
@nikitadobrynin,0
@jacquelinetylerpr,0.0113772928739
@witblog,0.0128933369087
@olivercheshire1,0
@indiaroseco,0.0122099845106
@beingtomfarrelly,0
@mattiasswenson,0.0226520503635
@allessiolr,0
@canadanightlife,0.00455140909372
@aspinaloflondon,-0.0148905275521
@allsaints,0.0416748363343
@wgsn,0.028111697459
@yelpbpb,0.0241568005143
@stylistainsider,0.024580956752
@md,0
@timothyfelix,-0.00183130289961
@yonipai,0.0115832158495
@beasofbloomsbury,0.0243143548864
@ianmcrumm,0.00947826135808
@rebeccaminkoff,0.00927133136229
@psimadethis,-8.80945133993e-05
@abowlofweiss,0.0104270532846
@lorealmakeup,0.0386141305423
@emilyanngema,0
@kelawalker,-0.00115256069633
@bof,-0.00416093462718
@stylesista,0
@tamumcpherson,0.0103780388524
@getgirlshair,0.0116176129578
@ootdmodels,0.00379147560631
@nickwooster,0.00504071481983
@cntraveler,0.0129999703809
@fashionista_com,0.00998086864741
@lilfashionisto,0.00798615641014
@mariesbazaar,-0.00372408707442
@aveda,0.0100384736494
@akosua__vee,0
@y,0
@chantsy,-0.00163856047156
@jolyonevattbexon,0
@jamesdemolet,0.00599937843736
@yazthespaz89,0.0206496903107
@fhatuwanimukheli,0.0131033401956
@ootdgoalsz,0.0198563681595
@spottedsf,0.0069942199594
@camtyox,0
@showstudio_nick_knight,0
@basebodybabes,0.00246038789022
@samanthawills,0.00895586224626
@tastefortlauderdale,0.040424176931
@bandizstudio,0.0114008735082
@imchanism,-0.00336995127464
@christophe_w,0.00327176028111
@candyshopvintage,0.0477137591988
@anoukyve,0.0151376922166
@dazedmagazine,0.0025042894672
@darlingbedaring,0.00962041789919
@typhaineagusto,0
@jennifer_heater,0.0192583898297
@renee_kemps,0.022810200239
@raniadabaghjewelry,0
@jameskaliardos,0.0252692696534
@david_tipping,0.0277287978116
@suburbanblues,0.00637949455011
@feeeeya,0.0236712009434
@bano_eemee,0.0206646604893
@jezra_m,0.00787387176181
@fash_rev,0.0031789985516
@justjordan_ie,0
@debrabarraud,0.00765028810316
@mohegansun,-0.00236808684889
@leahkim,0.0101349175158
@jc_jonathancheung,0.0145523486608
@ninaerin18,0.00915558170137
@richard_hannes,0
@chroniclesofher_,0.0192217998856
@agathavpw,0.0188361438681
@sirrpaul,0.00727563700563
@sylviahaghjoo,-0.0048829448813
@mrphilgreen,0.0129885835257
@korm87,0.0105685489531
@marlenemartien,0.0250275956594
@inspiringwit,0.00689895946807
@photographybydw,0.00825669134475
@elleiconlee,-0.000798424572553
@sugarandcloth,0.0164422611154
@glitterandgingham,0.00106924585933
@louisepando,0
@zelieforshe,0.0388307419696
@styletomes,0.0108501008929
@giizeleoliveira,0.0406852676707
@maryorton,0.0144956894492
@grind,0.0122695552591
@stevenonoja,-0.00235482878384
@atkinjen,0
@joannahillman,0.00996940170592
@designerrabbi,0
@guerreisms,0.0170825838055
@emiliamuartist,0.0131786656433
@rogueminx,0.014866747995
@fashionbandwagon,0
@bpcmpr,0
@kaadiki,0.0351340848752
@sabrinasikora,0.00810920734391
@bitchesbeglutenfree,0.0133702907281
@goldwilldigger,0.0160896876947
@lisadengler,0.00860066232505
@pinklip,0.0179278543402
@fashionmodelsz,0.0405464851989
@ejsamson,0.0176260018457
@constellation_xo,0.0222682530624
@townandcountry,0
@_classy_gorgeous_,-0.0113556266404
@fashionbombay,0.0204703686777
@tahsinbln,-0.00261156629021
@bartsboekje,0.0145086275849
@timesfashion,-0.0203361212643
@tmagazine,0.00531176201196
@adieushoes,0.0438035889153
@tgosingtian,0.00803683151105
@garnerstyle,0.0145189640489
@officialalt,0
@buzzfeedceleb,0.00174459069177
@fran_t,0.00663002642447
@chanel,0.0189083779981
@clairesulmers,0.0293364689795
@voguemagazine,0.00664378648358
@aliencreature,0.0219895824862
@ashrod,0.0193099852388
@baddiebey,0
@samhorine,0.0219206392373
@erikamyfreechoice,0
@mararomrraro,0.0165911465757
@popxodaily,0.0329128704525
@edroste,4.68562912482e-05
@jaclynnbrennan,0.00654091502058
@ahmedabdelr,0.00312953389241
@charisma_monroe,-0.0046844202502
@k.els.e.y,0.0126162868291
@timasfashion,-0.00332771729061
@blackbymariasilver,0.0281065479843
@armando_cabral,0.0205767946989
@kevinbeltran,0.0312471133452
@spunkyrealdeal,0
